,player_id,PowerPitcher,BreakingPitcher,DrK,FastballLife4,FastballLife2,GroundballPitcher,FlyballPitcher,Gyroball,ShuutoSpin,Spin4,Spin2,Walk,Lucky,Unlucky
0,425794,False,False,False,False,False,False,False,False,False,False,False,False,False,False
1,425844,False,False,False,False,False,False,False,False,False,False,False,False,False,False
2,434378,False,False,False,True,False,False,False,False,False,False,False,False,True,False
3,434671,False,False,False,False,True,False,False,False,False,False,False,False,False,False
4,445276,True,False,True,True,False,False,True,False,False,False,False,False,False,False
5,445926,True,False,False,False,False,False,False,False,False,False,False,False,False,False
6,446321,True,False,False,False,False,False,False,False,False,False,False,False,False,False
7,446372,False,False,False,False,False,False,False,False,False,False,False,False,False,False
8,448179,False,False,False,False,False,False,False,False,False,False,False,False,False,False
9,450203,False,False,False,True,False,False,False,False,False,True,False,False,False,False
10,453178,True,False,False,True,False,False,False,False,False,False,False,False,False,False
11,453268,False,False,False,True,False,False,False,True,False,False,False,False,False,False
12,453286,False,False,False,True,False,False,False,False,False,False,False,False,False,False
13,453343,False,False,False,False,False,False,False,False,False,False,False,False,False,True
14,455119,True,False,True,False,False,False,False,False,False,False,False,False,False,False
15,456034,True,False,False,False,True,True,False,False,False,False,False,False,False,False
16,456501,False,False,False,False,False,False,False,False,False,False,False,False,False,False
17,456713,False,False,False,True,False,False,False,False,False,False,False,False,False,False
18,458681,True,False,False,True,False,False,False,False,False,False,False,False,False,False
19,459429,True,False,False,False,True,False,True,False,False,False,True,False,False,False
20,461325,False,False,False,False,False,False,True,False,False,False,False,False,False,False
21,468504,False,False,False,False,False,False,False,False,False,False,False,False,False,False
22,471911,False,False,False,False,False,False,False,False,False,False,False,False,False,False
23,472610,False,False,False,False,False,False,False,False,False,False,False,False,False,False
24,475479,False,False,False,True,False,False,False,False,False,False,False,False,False,False
25,476595,False,False,False,True,False,False,False,False,False,False,False,False,False,False
26,477132,False,False,False,True,False,False,False,False,False,False,False,False,True,False
27,488984,True,False,False,True,False,False,True,False,False,False,False,False,False,False
28,489119,False,False,False,False,False,False,False,False,False,False,False,False,False,False
29,489265,False,False,False,False,False,False,True,False,False,True,False,False,False,False
30,489334,True,False,False,False,False,False,False,False,False,False,False,False,False,False
31,489446,False,False,False,False,False,False,True,False,False,False,False,True,False,False
32,493603,False,False,False,False,False,False,False,False,False,False,False,False,False,False
33,500779,False,False,False,False,True,False,False,False,False,False,False,False,False,False
34,501381,False,False,False,False,True,False,False,False,False,False,False,False,False,False
35,501625,False,False,False,False,True,False,False,False,False,False,False,False,False,False
36,501925,True,False,False,False,True,True,False,False,False,False,False,False,False,False
37,501985,False,False,False,True,False,False,False,False,False,False,False,False,False,True
38,502042,False,False,False,False,False,False,False,False,False,False,False,False,False,False
39,502043,False,False,False,False,False,False,False,False,False,False,False,False,False,False
40,502085,False,False,False,True,False,False,False,False,False,False,False,False,False,False
41,502171,False,False,False,False,True,True,False,False,False,False,False,False,False,False
42,502179,False,False,False,False,False,False,False,False,False,True,False,False,False,False
43,502202,False,False,False,True,False,False,False,False,False,False,False,False,False,False
44,502624,False,False,False,False,False,False,False,False,False,False,False,False,False,False
45,503285,False,False,False,True,False,False,False,False,False,False,False,False,False,False
46,503449,False,False,False,False,True,False,False,False,False,False,False,False,False,False
47,506433,True,False,False,True,False,False,False,False,False,False,False,False,False,False
48,517008,True,False,False,False,False,True,False,False,False,False,False,False,False,False
49,518397,True,False,False,False,False,True,False,False,False,False,False,False,False,False
50,518489,False,False,False,False,False,False,False,False,False,False,False,False,False,False
51,518516,True,False,False,False,False,False,False,False,False,False,False,False,False,False
52,518553,False,False,False,False,False,False,False,False,False,False,False,False,False,False
53,518585,False,False,True,False,False,False,False,False,False,False,False,False,False,False
54,518617,False,False,False,False,False,False,False,False,False,True,False,True,False,False
55,518748,False,False,False,False,True,False,False,False,False,False,False,False,False,False
56,518876,False,False,False,False,False,False,False,False,False,False,False,False,False,False
57,518886,False,False,False,False,False,False,False,False,False,False,False,False,False,False
58,519008,False,False,False,False,True,False,False,False,True,False,False,False,False,False
59,519043,False,False,False,True,False,False,False,False,False,False,False,False,False,False
60,519151,False,False,True,True,False,False,False,False,False,True,False,False,False,False
61,519242,False,False,False,False,False,False,False,False,False,False,False,False,False,False
62,519293,False,False,False,False,False,False,False,False,False,False,False,False,False,False
63,519326,False,False,False,False,False,False,False,False,False,True,False,False,False,False
64,521230,False,False,True,True,False,False,False,False,False,False,False,False,False,False
65,523260,False,False,False,False,False,True,False,False,False,True,False,False,False,False
66,527048,False,False,False,False,True,False,False,False,False,False,False,False,False,False
67,527055,False,False,False,False,False,False,True,False,False,False,False,True,False,False
68,528748,False,False,False,False,True,False,False,False,False,False,False,False,False,False
69,541640,True,False,False,False,False,False,False,False,False,False,False,False,False,False
70,542585,False,False,False,True,False,False,False,False,False,False,False,True,False,False
71,542881,False,False,False,False,False,False,False,False,False,False,False,False,True,False
72,542888,True,False,False,False,False,False,False,False,False,False,False,False,False,False
73,542914,False,False,False,False,True,False,False,False,False,False,False,False,False,False
74,542947,True,False,False,False,True,False,False,False,False,False,False,False,False,False
75,543037,False,False,True,True,False,False,False,False,False,False,False,False,False,False
76,543056,False,False,False,True,False,False,False,False,False,False,False,True,False,False
77,543101,False,False,False,False,False,False,False,False,False,False,False,False,False,False
78,543135,False,False,False,False,False,False,False,False,False,False,False,False,False,False
79,543238,False,False,False,False,False,False,True,False,False,False,False,True,False,False
80,543243,False,False,False,True,False,False,False,False,False,True,False,False,False,False
81,543272,False,False,False,False,False,False,False,False,False,False,False,False,False,False
82,543294,False,False,False,False,True,False,False,False,False,True,False,False,False,False
83,543339,False,False,False,True,False,False,False,False,False,False,False,False,False,False
84,543475,False,False,False,False,False,False,False,False,False,False,False,False,False,False
85,543507,False,False,False,False,False,False,False,False,False,False,False,False,False,False
86,543521,False,False,False,True,False,False,False,False,False,True,False,False,False,False
87,543548,False,False,False,False,False,False,True,False,False,False,False,False,False,False
88,543606,True,False,False,False,True,False,False,False,False,False,False,False,False,False
89,543766,True,False,False,True,False,False,False,False,False,False,False,False,False,False
90,543901,False,False,False,False,True,True,False,False,False,False,False,False,False,False
91,544365,False,False,False,False,True,False,False,False,False,False,False,False,False,False
92,544727,True,False,False,False,False,False,False,False,False,False,False,False,False,False
93,545343,False,False,False,False,False,False,False,False,False,False,False,False,False,False
94,547001,False,False,False,False,False,False,False,False,False,True,False,False,False,False
95,547179,False,False,False,True,False,False,False,False,False,False,False,False,False,False
96,547943,False,False,False,False,True,False,False,False,False,False,False,False,False,False
97,547973,False,False,False,True,False,False,False,False,False,False,False,True,False,False
98,548384,False,False,False,True,False,False,False,False,False,True,False,False,False,False
99,548389,False,False,False,False,True,False,False,False,False,False,False,False,False,False
100,552640,False,False,False,True,False,False,False,True,False,False,False,False,False,False
101,554340,False,False,False,True,False,False,False,False,False,False,False,False,False,False
102,554430,False,False,False,False,False,False,False,False,False,False,False,False,False,False
103,554431,True,False,False,True,False,False,True,False,False,True,False,True,False,False
104,570257,False,False,False,False,True,False,False,False,False,False,False,False,False,False
105,570488,False,False,False,True,False,True,False,False,False,False,False,False,False,False
106,570632,False,False,False,False,False,False,False,False,False,False,False,False,False,False
107,570663,False,False,False,False,False,False,False,False,False,False,False,False,False,False
108,570666,False,False,False,False,False,False,False,False,False,False,False,False,False,False
109,571446,True,False,False,False,True,False,False,False,False,False,True,False,False,False
110,571479,False,False,True,True,False,False,True,False,False,False,False,False,False,False
111,571510,False,False,False,True,False,False,False,False,False,False,False,True,False,False
112,571578,False,False,False,False,True,False,False,False,False,False,False,False,False,True
113,571656,False,False,False,False,False,False,False,False,False,False,False,False,False,False
114,571670,False,False,False,False,False,False,False,False,False,False,True,False,False,False
115,571710,False,False,False,True,False,False,False,False,False,False,False,False,False,False
116,571760,False,False,True,True,False,False,False,False,False,False,False,False,False,False
117,571800,False,False,False,False,False,False,False,False,False,False,False,False,False,False
118,571882,True,False,False,False,False,False,False,False,False,False,False,False,False,False
119,571901,True,False,False,False,False,False,False,False,False,False,False,False,False,False
120,571927,False,False,False,False,False,False,False,False,False,False,False,False,False,False
121,571945,False,False,False,False,False,False,False,False,False,False,False,False,False,False
122,571946,False,False,True,False,False,False,True,False,False,False,False,False,False,False
123,571948,False,False,False,False,True,False,False,False,True,False,True,False,False,False
124,572070,False,False,False,False,False,False,False,False,False,False,False,False,False,False
125,572125,False,False,False,False,False,False,True,False,False,False,False,False,False,False
126,572193,False,False,False,False,False,False,False,False,False,False,False,False,False,False
127,572403,False,False,False,True,False,False,False,False,False,False,False,False,False,False
128,572703,False,False,False,True,False,False,False,False,False,False,False,False,False,False
129,572955,False,False,True,False,False,True,False,False,False,True,False,False,False,False
130,572971,False,False,False,False,True,False,False,False,False,False,False,False,False,False
131,573009,False,False,False,False,False,True,False,False,True,False,False,False,False,False
132,573124,False,False,False,False,False,False,False,False,True,False,False,False,False,False
133,573186,False,False,False,True,False,False,False,False,False,False,False,False,False,False
134,573204,False,False,True,False,False,False,False,False,False,False,False,False,False,False
135,573668,False,False,False,False,False,False,False,False,False,False,False,False,False,False
136,579328,False,False,False,False,False,False,False,False,False,False,False,False,False,False
137,592094,False,False,True,True,False,False,False,True,False,False,False,False,False,False
138,592169,False,False,False,False,False,False,False,False,False,False,False,False,False,False
139,592332,False,False,False,False,False,False,False,False,False,False,False,False,False,False
140,592346,False,False,False,False,False,False,False,False,False,False,False,False,False,False
141,592351,False,False,False,False,True,False,False,False,False,False,False,False,False,False
142,592390,False,False,False,False,False,False,False,False,False,False,False,True,False,False
143,592454,False,False,False,False,False,True,False,False,False,False,False,False,False,False
144,592473,False,False,False,False,False,True,False,False,True,False,False,False,False,False
145,592662,False,False,False,False,False,False,False,False,False,False,False,False,False,False
146,592716,True,False,False,False,True,False,False,False,False,False,False,False,False,False
147,592717,False,False,False,False,False,False,False,False,False,False,False,False,False,False
148,592741,False,False,False,False,False,False,False,False,False,False,False,False,False,False
149,592761,False,False,False,True,False,False,True,False,False,False,False,False,False,False
150,592767,False,False,False,False,False,False,False,False,False,False,False,False,False,False
151,592773,False,False,False,False,False,False,False,False,False,False,False,False,False,False
152,592789,False,False,False,False,False,False,False,False,False,False,False,False,False,False
153,592791,False,False,False,True,False,False,False,False,False,False,False,False,True,False
154,592804,False,False,False,True,False,False,False,False,False,False,False,False,False,False
155,592826,False,False,False,True,False,False,True,False,False,False,False,False,False,False
156,592836,False,False,False,False,False,False,False,False,False,False,False,False,False,False
157,592848,False,False,True,True,False,False,False,False,False,False,False,False,False,False
158,592858,True,False,False,False,False,False,False,False,False,False,False,False,False,False
159,592866,False,False,False,False,False,False,False,False,False,False,False,False,False,False
160,593334,False,False,False,True,False,False,False,False,False,False,False,False,False,False
161,593423,False,False,False,False,False,False,False,False,False,False,False,False,False,False
162,593576,False,False,False,True,False,False,False,False,False,False,False,False,False,False
163,593619,False,False,False,False,False,False,False,False,False,False,False,True,False,False
164,593643,False,False,False,False,False,False,True,False,False,False,False,False,False,False
165,593958,True,False,False,False,False,False,False,False,False,False,False,False,False,False
166,593974,False,False,False,False,False,True,False,False,False,False,False,False,False,False
167,594311,False,False,False,True,False,False,False,False,False,False,False,False,False,False
168,594577,False,False,False,False,False,False,False,False,False,False,False,False,False,False
169,594580,False,False,False,True,False,False,False,False,False,True,False,False,False,False
170,594798,False,False,True,True,False,False,False,False,False,False,False,False,False,False
171,594835,False,False,False,False,True,False,False,False,False,False,False,False,False,False
172,595191,False,False,False,False,False,False,False,False,False,False,False,False,False,False
173,595345,False,True,False,False,False,False,False,False,False,False,False,False,False,False
174,595881,False,False,False,False,True,False,False,False,False,False,False,False,False,False
175,595939,False,False,False,False,False,False,False,False,False,False,False,True,False,False
176,596001,False,False,False,False,False,False,False,False,False,False,False,False,False,False
177,596043,False,False,False,False,False,False,False,False,False,False,False,False,False,False
178,596057,False,False,False,False,False,False,False,False,False,False,False,False,False,False
179,596071,False,False,False,False,False,False,False,False,False,False,False,False,False,False
180,596082,False,False,False,False,False,False,False,False,False,False,False,False,False,False
181,596112,False,False,False,True,False,False,False,False,False,True,False,False,False,False
182,596133,False,False,False,True,False,False,False,False,False,False,False,False,False,False
183,596271,False,False,False,False,False,False,False,False,False,False,False,False,False,False
184,596295,False,False,False,False,False,False,False,False,False,False,False,False,False,False
185,598264,False,False,False,False,False,False,False,False,False,False,False,False,False,False
186,598287,False,False,False,False,False,False,False,False,False,False,False,False,False,False
187,600917,False,False,False,True,False,False,True,True,False,False,False,False,False,False
188,600921,False,False,False,False,True,False,False,False,False,False,False,False,False,False
189,601713,False,False,False,False,False,False,False,False,False,False,False,False,False,False
190,605130,False,True,False,True,False,False,False,False,False,False,False,False,False,False
191,605135,False,False,False,False,False,False,False,False,False,False,False,False,False,False
192,605151,False,False,False,False,False,True,False,False,False,False,False,False,False,False
193,605154,False,False,False,False,False,False,False,False,False,False,False,False,False,False
194,605156,False,False,False,False,True,False,True,False,False,False,False,False,False,False
195,605164,False,False,False,False,False,False,False,False,False,False,False,False,False,False
196,605177,False,False,False,False,True,False,False,False,False,False,False,False,False,False
197,605182,False,False,False,False,False,False,True,False,False,False,False,False,False,False
198,605194,False,False,False,False,False,False,True,False,False,False,False,False,False,False
199,605195,False,False,False,False,False,False,False,False,False,True,False,True,False,False
200,605200,False,False,False,False,True,False,False,False,False,False,False,False,False,False
201,605218,False,False,False,True,False,False,False,False,False,False,False,False,False,False
202,605242,False,True,False,False,False,False,False,False,False,False,False,False,False,False
203,605280,True,False,False,False,False,True,False,False,False,False,False,False,False,False
204,605288,False,False,False,False,True,False,False,False,False,False,False,False,False,False
205,605347,False,False,False,False,True,True,False,False,False,False,False,False,False,False
206,605397,False,False,False,True,False,False,False,False,False,False,False,False,False,False
207,605400,False,False,False,False,False,False,False,False,False,False,False,False,False,False
208,605446,False,False,False,False,False,False,True,False,False,False,False,False,False,False
209,605447,False,False,False,False,False,False,False,False,False,False,False,False,False,False
210,605463,False,False,False,False,False,False,False,False,False,False,False,False,False,False
211,605483,False,False,True,True,False,False,False,False,False,False,False,False,False,False
212,605488,False,False,False,False,False,False,False,False,False,False,False,False,False,False
213,605507,True,False,False,True,False,False,False,False,False,False,False,False,False,True
214,605521,False,False,False,False,False,False,False,False,False,False,False,False,False,False
215,605525,False,False,False,True,False,False,False,False,False,False,False,False,False,False
216,605538,False,True,False,False,True,False,True,False,False,False,False,False,False,False
217,605540,False,False,False,False,False,False,False,False,False,False,False,False,True,False
218,606131,False,False,False,False,True,True,False,False,False,False,False,False,False,False
219,606149,False,False,False,True,False,False,True,False,False,False,False,False,False,False
220,606160,False,False,False,False,False,False,False,False,False,False,False,False,False,False
221,606273,False,False,False,False,False,False,False,False,False,False,False,False,False,False
222,606303,False,False,False,True,False,False,False,False,False,False,False,False,False,False
223,606424,False,False,False,False,False,False,False,False,False,False,False,False,False,False
224,606625,False,False,False,True,False,False,False,False,False,False,False,False,False,False
225,606930,True,False,False,True,False,False,False,False,False,False,False,False,False,False
226,606965,False,False,False,False,False,False,False,False,False,False,False,False,False,False
227,607074,False,False,True,False,False,False,False,False,False,False,False,False,False,False
228,607179,False,False,False,False,False,False,True,False,False,False,False,False,False,False
229,607192,False,False,True,True,False,False,True,False,False,False,False,False,False,False
230,607200,False,False,False,False,True,False,False,False,False,False,False,False,False,False
231,607216,False,False,False,False,False,False,False,False,False,False,False,False,False,False
232,607229,False,False,False,False,True,False,False,False,False,False,False,False,False,False
233,607237,False,False,False,False,False,False,False,False,False,False,True,True,False,False
234,607259,False,False,False,True,False,False,False,False,False,False,False,False,False,False
235,607359,False,False,False,False,True,False,False,False,False,False,False,False,False,False
236,607391,False,False,False,False,True,False,False,False,False,False,False,True,False,False
237,607455,False,False,False,False,True,False,False,False,False,False,False,False,False,False
238,607457,False,False,False,True,False,False,True,False,False,False,False,False,False,False
239,607481,True,False,False,False,True,True,False,False,False,False,False,False,False,False
240,607536,False,False,False,True,False,False,False,False,False,False,False,False,False,False
241,607625,False,False,False,False,False,False,False,False,False,True,False,False,False,False
242,607644,False,False,False,True,False,False,False,False,False,False,False,False,False,False
243,607755,False,True,False,False,False,False,False,False,False,False,False,False,False,False
244,608032,True,False,False,False,False,False,False,False,False,False,False,False,False,False
245,608328,False,False,False,True,False,False,False,False,False,False,False,False,False,False
246,608331,False,False,False,False,True,False,False,False,False,False,False,False,False,False
247,608337,False,False,False,False,False,False,False,False,False,False,False,False,False,False
248,608344,False,False,False,False,True,False,False,False,False,False,False,False,False,False
249,608349,True,False,False,True,False,False,False,False,False,True,False,False,False,False
250,608371,False,False,False,True,False,False,False,False,False,True,False,True,False,False
251,608379,False,False,False,False,True,False,False,False,False,False,False,False,True,False
252,608566,False,False,False,False,False,False,False,False,False,False,False,False,False,False
253,608638,False,False,False,False,False,True,False,False,False,False,False,False,False,False
254,608648,False,False,False,False,False,False,False,False,False,False,False,False,False,False
255,608652,False,False,False,False,False,False,False,False,False,False,False,False,False,False
256,608665,False,False,False,False,False,False,False,False,False,False,False,False,False,False
257,608678,False,False,False,True,False,False,False,False,False,False,False,False,False,False
258,608716,False,False,False,False,False,False,False,False,False,False,False,False,False,False
259,608717,False,False,False,True,False,False,False,True,False,True,False,False,False,False
260,608718,True,False,False,False,False,False,False,False,False,False,False,False,False,False
261,608723,False,False,False,True,False,False,False,False,False,True,False,False,False,False
262,612434,False,False,False,False,False,False,False,False,False,True,False,False,False,False
263,614179,False,False,False,True,False,False,False,False,False,False,False,False,False,False
264,615698,True,False,False,False,False,False,False,False,False,False,False,False,True,False
265,617228,False,False,False,False,True,False,False,False,False,False,False,False,False,False
266,621016,False,False,False,True,False,False,False,False,False,False,False,False,False,False
267,621051,False,False,False,True,False,False,True,False,False,False,False,False,False,False
268,621074,False,False,False,False,False,False,False,False,False,False,False,False,False,False
269,621076,False,False,False,False,True,False,False,False,False,False,False,False,False,False
270,621079,True,False,False,False,False,True,False,False,False,False,False,False,False,False
271,621082,False,False,False,False,True,False,True,False,False,False,False,False,False,False
272,621107,True,False,False,False,True,False,False,False,False,False,False,False,False,False
273,621111,False,False,False,False,False,False,False,False,False,False,False,False,False,False
274,621112,False,False,False,False,False,False,False,False,False,False,False,False,False,False
275,621114,True,False,False,False,False,False,False,False,False,False,False,False,False,False
276,621121,False,False,False,False,False,False,False,False,False,True,False,False,False,False
277,621219,False,False,False,False,False,False,False,False,False,False,False,False,False,False
278,621237,True,False,True,False,False,True,False,False,False,False,False,False,False,False
279,621242,False,False,True,True,False,False,False,False,False,False,False,False,False,False
280,621244,False,False,False,False,False,False,False,False,False,False,False,False,False,False
281,621248,False,False,False,False,False,False,False,False,False,False,False,False,False,False
282,621249,False,False,False,False,True,False,False,False,False,False,False,False,False,False
283,621295,False,False,False,False,True,False,False,False,False,False,False,False,False,False
284,621345,True,False,True,True,False,False,False,False,False,False,False,False,False,False
285,621348,True,False,False,False,True,True,False,False,False,False,False,False,False,False
286,621363,True,False,False,False,False,False,False,False,False,False,False,False,False,False
287,621366,False,False,False,False,False,False,False,False,True,False,False,False,False,False
288,621368,False,False,False,False,False,False,False,False,False,False,False,False,False,False
289,621381,False,False,False,False,False,False,False,False,False,False,False,False,False,False
290,621383,False,False,False,False,False,False,False,False,False,False,False,False,False,False
291,621389,True,False,False,False,False,False,False,False,False,False,False,False,False,False
292,621593,False,False,False,True,False,False,False,False,False,False,False,True,False,False
293,622065,False,False,False,False,False,False,False,False,False,False,False,False,False,False
294,622072,False,False,False,False,True,False,False,False,False,False,False,False,False,False
295,622075,False,False,False,False,False,False,False,False,False,False,False,False,False,False
296,622098,False,False,False,True,False,False,True,False,False,True,False,False,False,False
297,622250,False,False,True,False,False,False,False,False,False,False,False,False,False,False
298,622251,False,False,False,False,False,False,False,False,False,False,False,True,False,False
299,622253,False,False,False,False,True,True,False,False,False,False,False,False,False,False
300,622491,False,False,False,False,False,False,False,False,False,False,False,False,False,False
301,622503,False,False,False,False,False,False,False,False,False,False,False,False,False,False
302,622554,True,False,False,False,False,False,False,False,False,False,False,False,False,False
303,622608,False,False,False,False,False,False,False,False,False,False,False,False,False,False
304,622663,False,False,False,False,False,False,False,False,False,False,False,False,False,False
305,622694,False,False,False,False,True,False,True,False,False,False,False,False,False,False
306,622786,False,False,False,False,False,False,False,False,False,False,False,False,False,False
307,623149,False,False,False,True,False,False,False,False,False,False,False,False,False,False
308,623167,True,False,False,False,False,False,False,False,False,False,False,False,False,False
309,623211,True,False,False,False,False,False,False,False,False,False,False,True,False,False
310,623352,True,False,True,False,True,False,False,False,False,False,False,False,False,False
311,623437,False,False,False,False,False,True,False,False,False,False,False,False,False,False
312,623451,False,False,False,False,True,False,False,False,False,True,False,False,False,False
313,623465,False,False,True,False,False,False,False,False,False,False,False,False,False,False
314,623474,False,False,False,False,False,False,False,False,False,False,False,False,False,False
315,623485,False,False,False,False,True,False,False,False,False,False,False,False,False,False
316,624133,False,False,False,False,True,True,False,False,False,False,False,False,False,False
317,624503,False,False,False,False,False,False,True,False,False,False,False,True,False,False
318,624522,True,False,False,True,False,False,False,False,False,False,False,False,False,False
319,625643,False,False,False,False,False,False,False,False,False,False,False,False,False,False
320,628452,False,False,True,False,False,False,False,False,False,False,False,False,False,False
321,628708,False,False,False,True,False,False,False,False,False,False,False,False,False,False
322,628711,False,False,False,True,False,False,False,False,False,True,False,False,False,False
323,630023,False,False,False,False,True,True,False,False,False,False,False,False,False,False
324,640444,False,False,False,True,False,False,False,False,False,False,False,False,False,False
325,640448,True,False,False,False,True,False,False,False,False,False,False,False,False,False
326,640451,True,False,False,False,True,False,False,False,False,False,False,False,False,False
327,640455,False,False,False,False,True,False,False,False,False,False,False,False,False,False
328,640462,False,False,False,False,False,False,False,False,False,False,False,False,False,False
329,640470,False,False,True,True,False,False,False,False,False,False,False,False,False,False
330,641154,False,False,False,False,False,False,False,False,False,False,False,False,False,False
331,641302,True,False,False,False,False,False,False,False,False,False,False,False,False,True
332,641329,True,False,False,True,False,False,False,False,False,False,False,False,False,False
333,641360,False,False,False,True,False,False,False,False,False,False,False,False,False,False
334,641394,False,False,False,False,False,False,False,False,False,False,False,True,False,False
335,641401,False,False,False,False,False,False,False,False,False,False,False,False,False,False
336,641447,False,False,False,False,False,False,False,False,False,False,False,False,False,False
337,641482,True,False,False,False,False,False,False,False,False,False,False,False,True,False
338,641501,False,False,False,False,True,False,False,False,False,False,False,False,False,False
339,641540,False,False,False,False,True,False,False,False,False,False,False,False,False,False
340,641582,False,False,False,False,False,False,False,False,False,False,False,False,False,False
341,641627,True,False,False,False,False,False,False,False,False,False,False,False,False,False
342,641672,False,False,False,False,False,False,False,False,False,False,False,False,False,False
343,641682,False,False,False,False,True,False,False,False,False,False,False,True,False,False
344,641712,False,False,False,False,True,False,False,False,False,False,False,False,False,False
345,641726,False,False,False,False,True,False,False,False,False,False,False,False,False,False
346,641729,False,False,True,True,False,False,False,False,False,False,False,False,False,False
347,641745,False,False,False,False,False,False,False,False,False,False,False,False,False,False
348,641755,False,False,False,False,False,False,False,False,False,False,False,False,False,False
349,641771,False,False,False,False,False,False,False,False,False,False,False,False,False,False
350,641778,False,False,False,False,False,False,False,False,False,False,False,False,False,False
351,641793,False,False,False,False,False,False,False,False,False,False,False,False,False,False
352,641816,False,False,False,False,False,False,False,False,False,False,False,False,False,False
353,641835,True,False,False,False,True,True,False,False,True,False,False,False,False,False
354,641853,False,False,False,False,True,False,True,False,False,False,False,False,False,False
355,641871,False,False,False,True,False,False,False,False,False,False,False,False,False,False
356,641907,True,False,False,False,False,True,False,False,False,False,False,True,False,False
357,641927,False,False,False,False,False,False,False,False,False,False,False,False,False,False
358,641941,True,False,False,True,False,False,False,False,False,False,False,False,False,False
359,642028,False,False,False,False,True,False,False,False,False,False,False,False,False,False
360,642100,False,False,False,False,True,False,False,False,False,False,False,False,False,False
361,642121,False,False,False,False,False,False,False,False,False,False,False,False,False,False
362,642130,True,False,False,False,False,False,False,False,False,False,False,False,False,False
363,642152,False,False,False,False,True,False,False,False,False,False,False,False,False,False
364,642165,False,False,False,False,False,False,False,False,False,False,False,False,False,False
365,642203,False,False,False,False,False,False,False,False,False,False,False,False,False,False
366,642207,False,False,True,False,False,False,False,False,False,False,False,False,False,False
367,642231,False,False,False,False,False,False,False,False,False,True,False,False,False,False
368,642232,False,False,False,False,True,False,False,False,False,False,False,False,False,False
369,642397,True,False,False,True,False,False,False,False,False,False,False,False,False,True
370,642528,False,False,False,False,False,True,False,False,False,False,False,False,False,False
371,642545,False,False,False,False,False,False,False,False,False,False,False,False,False,False
372,642546,False,False,False,False,False,True,False,False,False,False,False,False,False,False
373,642547,False,False,False,True,False,False,False,False,False,False,False,False,False,False
374,642585,False,False,True,False,False,False,False,False,False,False,False,False,False,False
375,642701,False,False,False,True,False,False,False,False,False,False,False,False,False,False
376,642758,False,False,False,False,True,False,False,False,False,False,False,False,False,False
377,642770,True,False,False,False,False,False,False,False,False,False,False,False,False,False
378,643230,False,False,False,False,True,False,True,False,False,False,False,False,False,False
379,643256,False,False,False,False,False,False,False,False,False,False,False,False,False,False
380,643290,False,False,False,False,False,False,True,False,False,False,False,False,False,False
381,643316,False,False,False,False,False,True,False,False,False,False,False,False,False,False
382,643338,False,False,False,True,False,False,True,False,False,False,False,False,False,False
383,643361,False,False,False,False,False,False,False,False,False,False,False,False,False,False
384,643377,False,False,False,True,False,False,False,False,False,True,False,False,False,False
385,643400,False,False,False,False,False,False,False,False,False,False,False,False,False,False
386,643410,False,False,False,False,True,False,False,False,False,False,False,False,False,False
387,643493,False,False,False,False,False,False,False,False,False,False,False,False,False,False
388,643511,False,False,False,False,True,True,False,False,False,False,False,False,False,False
389,643615,False,False,False,False,True,False,False,False,False,False,False,False,False,False
390,644364,False,False,False,False,False,False,False,False,False,False,False,False,False,False
391,644429,False,False,False,False,True,True,False,False,False,False,False,False,False,False
392,645261,False,False,False,False,False,False,False,False,False,False,False,False,False,False
393,646242,False,False,False,False,False,False,False,False,False,False,False,True,False,False
394,647315,True,False,False,False,True,True,False,False,False,False,False,False,False,False
395,650204,False,False,False,False,False,False,False,False,False,False,False,False,False,False
396,650382,False,False,False,True,False,False,False,False,False,False,False,True,False,False
397,650530,False,False,False,False,True,False,False,False,False,False,False,False,False,False
398,650556,False,False,True,False,False,False,False,False,False,True,False,False,False,False
399,650633,False,False,True,True,False,False,False,False,False,True,False,False,False,False
400,650644,False,False,False,True,False,False,False,False,False,True,False,False,False,False
401,650671,True,False,False,False,False,False,True,False,False,False,False,False,False,False
402,650893,False,False,False,False,False,False,False,False,False,False,False,False,False,False
403,650895,False,False,False,False,True,False,False,False,False,False,False,False,False,False
404,650911,False,False,False,False,True,False,False,False,True,False,False,False,False,False
405,650959,False,False,False,False,False,False,False,False,False,False,False,True,False,False
406,655889,False,False,False,False,False,False,False,False,False,False,False,True,False,False
407,656061,False,False,False,False,False,False,False,False,False,False,False,False,False,False
408,656222,False,False,False,False,True,False,False,False,False,False,False,False,False,False
409,656232,False,False,False,False,False,False,True,False,False,False,False,False,False,False
410,656234,True,False,False,False,True,True,False,False,False,True,False,False,False,False
411,656257,False,False,False,False,False,False,True,False,False,True,False,False,False,False
412,656271,False,False,False,False,False,False,False,False,False,False,False,False,False,False
413,656290,False,False,False,False,True,False,True,False,False,False,False,False,False,False
414,656302,False,False,False,True,False,False,False,False,False,True,False,False,False,False
415,656322,False,False,False,False,False,False,False,False,False,False,False,False,False,False
416,656353,False,False,False,False,True,False,False,False,False,False,False,False,False,False
417,656354,False,False,False,False,False,False,False,False,False,False,False,False,False,False
418,656412,False,False,False,False,False,False,False,False,False,False,False,False,False,False
419,656420,False,False,False,False,False,False,True,False,False,False,False,False,False,False
420,656427,False,False,False,False,False,False,False,False,False,False,False,False,False,False
421,656457,True,False,False,False,False,False,True,False,False,False,False,False,False,False
422,656458,True,False,False,True,False,False,False,False,False,False,False,False,False,False
423,656464,False,False,False,True,False,False,False,False,False,False,False,False,False,False
424,656492,True,False,False,False,False,False,False,False,False,False,False,True,False,False
425,656529,False,False,False,False,False,True,False,False,False,False,False,False,False,False
426,656546,False,False,False,True,False,False,True,False,False,False,False,False,False,False
427,656557,False,False,False,False,True,False,False,False,False,False,False,False,False,False
428,656578,False,False,False,False,False,False,False,False,False,False,False,False,False,False
429,656605,False,False,False,True,False,False,False,False,False,False,False,False,False,False
430,656629,False,False,False,True,False,False,True,False,False,False,False,False,False,False
431,656638,False,False,False,False,False,True,False,False,False,False,False,False,False,False
432,656657,True,False,False,False,True,False,True,False,False,False,False,False,False,False
433,656685,False,False,False,False,False,False,False,False,False,False,False,False,False,False
434,656686,False,False,False,False,False,False,False,False,False,False,False,False,False,False
435,656730,False,False,False,True,False,False,False,False,False,False,False,False,False,False
436,656731,False,False,False,False,False,False,False,False,False,False,False,False,False,False
437,656756,False,False,False,False,False,False,False,False,False,False,False,False,False,False
438,656786,False,False,False,True,False,False,False,False,False,False,False,False,False,False
439,656793,False,False,False,False,True,False,False,False,False,False,False,False,False,False
440,656794,True,False,False,True,False,False,False,False,False,True,False,False,False,False
441,656803,False,False,False,False,False,False,False,False,False,False,False,False,False,False
442,656814,False,False,False,False,True,False,False,False,False,False,False,False,False,False
443,656818,False,False,False,False,False,False,False,False,False,False,False,False,False,False
444,656849,False,False,False,False,True,False,False,False,False,False,False,False,False,False
445,656876,True,False,False,True,False,False,False,False,False,False,False,False,False,False
446,656887,False,False,False,False,False,False,False,False,False,False,False,True,False,False
447,656945,False,False,False,True,False,False,False,False,False,False,False,True,False,False
448,656954,False,False,False,False,True,True,False,False,False,False,False,False,False,False
449,656970,False,False,False,False,False,False,False,False,False,False,False,False,False,False
450,656986,False,False,False,False,True,False,False,False,False,False,False,False,False,False
451,657006,False,False,False,True,False,False,False,False,False,False,False,False,False,False
452,657024,False,False,True,False,False,False,False,False,False,False,False,False,False,False
453,657044,False,False,False,False,True,False,False,False,False,False,False,False,False,False
454,657053,False,False,False,False,False,True,False,False,False,False,False,True,False,False
455,657093,False,False,False,False,False,False,False,False,False,False,False,False,False,False
456,657140,False,False,False,False,False,True,False,False,False,False,False,False,True,False
457,657240,False,False,False,False,False,False,False,False,False,False,False,False,False,False
458,657248,False,False,False,False,False,False,False,False,False,False,False,False,False,False
459,657265,False,False,False,True,False,False,False,False,False,True,False,False,False,False
460,657272,False,False,False,False,True,False,False,False,False,False,False,False,False,False
461,657277,False,False,False,False,True,True,False,False,False,False,False,False,False,False
462,657376,False,False,False,True,False,False,False,False,False,True,False,False,False,False
463,657424,True,False,False,False,False,False,False,False,False,False,False,False,False,False
464,657508,False,False,False,False,False,False,False,False,False,False,False,False,False,False
465,657571,False,False,False,False,False,False,False,False,False,True,False,False,False,False
466,657585,True,False,False,False,False,False,False,False,False,False,False,True,False,False
467,657612,True,False,False,False,True,True,False,False,False,False,False,False,False,False
468,657649,False,False,False,False,False,False,False,False,False,False,False,False,False,False
469,657746,False,False,False,False,False,False,False,False,False,False,False,False,False,False
470,657756,False,False,False,False,True,False,False,False,False,False,False,False,False,False
471,657770,False,False,False,False,False,False,True,False,False,False,False,False,False,False
472,658431,False,False,False,False,False,False,False,False,False,False,False,False,False,False
473,658551,False,False,False,False,True,True,False,False,False,False,False,False,False,False
474,659262,True,False,False,False,True,False,False,False,False,False,False,True,False,False
475,659275,False,False,False,True,False,False,False,False,False,False,False,False,False,False
476,660271,False,False,True,False,False,False,False,False,False,False,False,False,False,False
477,660593,False,False,False,False,True,False,False,False,False,False,False,False,False,False
478,660623,False,False,False,False,True,False,False,False,False,False,False,True,False,False
479,660730,False,False,False,True,False,False,False,False,False,False,False,False,False,False
480,660761,False,False,False,False,False,False,False,False,False,False,False,False,False,False
481,660787,False,False,False,False,False,False,False,False,False,False,False,False,False,False
482,660813,True,False,False,False,False,True,False,False,False,False,False,False,False,False
483,660825,False,False,False,False,True,False,False,False,False,False,False,False,False,False
484,660853,False,False,False,False,False,False,False,False,False,False,False,False,False,False
485,660906,False,False,False,False,True,False,False,False,False,False,False,True,False,False
486,661255,False,False,False,False,False,False,False,False,False,False,False,False,False,False
487,661269,False,False,False,False,False,False,False,False,False,False,False,False,False,False
488,661309,False,False,False,False,False,False,False,False,False,False,False,False,False,False
489,661383,False,False,False,False,False,False,False,False,False,False,False,False,False,False
490,661395,False,False,True,False,False,True,False,False,False,False,False,False,False,False
491,661403,False,False,False,True,False,True,False,False,False,False,False,False,False,False
492,661440,False,False,False,False,True,False,False,False,False,False,False,False,False,False
493,661527,False,False,False,False,False,False,False,False,False,False,False,False,False,False
494,662253,False,True,True,False,False,False,False,False,False,False,False,False,False,False
495,663158,True,False,True,False,False,False,False,False,False,False,False,False,False,False
496,663372,False,False,False,False,False,False,False,False,False,False,False,False,False,False
497,663378,False,False,False,False,False,False,True,False,False,False,False,False,False,False
498,663385,False,False,False,False,False,True,False,False,False,False,False,True,False,False
499,663423,False,False,False,True,False,False,False,False,False,True,False,False,False,False
500,663432,True,False,False,True,False,False,True,False,False,False,False,False,False,False
501,663436,False,False,False,True,False,False,False,False,False,False,False,False,False,False
502,663455,False,False,False,False,False,False,False,False,False,False,False,False,False,False
503,663460,False,False,False,False,False,False,False,False,False,False,False,False,False,True
504,663465,True,False,False,False,True,False,True,False,False,False,True,False,False,False
505,663474,False,False,False,False,False,False,False,False,False,False,False,False,False,False
506,663485,False,False,False,False,False,False,False,False,False,True,False,False,False,False
507,663531,False,False,False,False,True,False,False,False,False,False,False,False,False,False
508,663546,False,False,False,False,True,True,False,False,False,False,True,False,False,False
509,663554,False,False,False,False,True,False,True,False,False,False,False,False,False,False
510,663556,False,False,False,False,False,False,False,False,False,False,False,False,False,False
511,663558,False,False,True,False,False,False,False,False,False,False,False,False,False,False
512,663559,False,False,False,False,True,False,False,False,False,False,False,False,False,False
513,663574,False,False,False,False,False,False,False,False,False,False,False,False,False,False
514,663629,False,False,False,False,False,False,False,False,False,False,False,True,False,False
515,663738,False,False,False,False,True,False,False,False,False,False,False,False,False,True
516,663752,True,False,False,True,False,False,False,False,False,False,False,False,False,False
517,663753,False,False,False,True,False,False,False,False,False,False,False,False,False,False
518,663765,False,False,False,False,True,False,False,False,False,False,False,False,False,False
519,663773,True,False,False,False,True,False,False,False,False,False,False,False,False,False
520,663776,False,False,False,False,True,False,False,False,False,False,False,False,False,False
521,663804,False,False,False,False,False,False,False,False,False,False,False,False,False,False
522,663855,False,False,False,False,True,True,False,False,False,False,False,False,False,False
523,663903,False,False,False,False,False,False,False,False,False,False,False,False,False,False
524,663947,False,False,False,False,False,False,False,False,False,False,False,False,False,False
525,663978,False,False,False,False,False,False,False,False,False,False,False,False,False,False
526,663986,False,False,False,True,False,False,False,False,False,False,False,False,False,False
527,663989,False,False,False,False,False,False,False,False,False,False,False,False,False,False
528,664042,False,False,False,False,False,False,False,False,False,False,False,False,False,False
529,664054,False,False,False,False,False,False,True,False,False,False,False,False,False,False
530,664062,False,False,False,False,False,False,False,False,False,False,False,False,True,False
531,664076,False,False,True,False,False,False,False,False,False,False,False,False,False,False
532,664092,False,False,False,False,True,False,False,False,False,False,False,False,False,False
533,664123,False,False,False,False,False,False,False,False,False,False,False,False,False,False
534,664126,False,False,True,True,False,False,False,False,False,False,False,False,False,False
535,664139,False,False,False,False,False,False,False,False,False,False,False,False,False,False
536,664141,False,False,False,False,False,False,False,False,False,False,False,False,False,True
537,664161,False,False,False,False,True,False,True,False,False,False,False,False,False,False
538,664199,False,False,False,False,False,False,False,False,False,False,False,False,False,False
539,664202,False,False,False,False,False,False,False,False,False,False,False,False,False,False
540,664208,False,False,False,True,False,False,False,False,False,True,False,False,False,False
541,664285,False,False,False,False,False,True,False,False,False,True,False,False,True,False
542,664294,False,False,False,False,False,False,False,False,False,False,False,False,False,False
543,664299,False,False,True,True,False,False,True,False,False,False,False,False,False,False
544,664337,False,False,False,False,False,False,False,False,False,False,False,False,False,False
545,664353,False,False,False,False,False,False,False,False,False,False,False,False,False,False
546,664747,False,False,True,True,False,False,True,True,False,False,False,False,False,False
547,664776,False,False,True,False,False,False,True,False,False,False,False,False,False,False
548,664849,False,False,False,False,False,False,False,False,True,False,False,False,False,False
549,664854,False,False,True,True,False,False,False,True,False,False,False,False,False,False
550,664871,False,False,False,False,False,False,True,False,False,False,False,False,False,False
551,664875,False,False,False,False,False,False,False,False,False,True,False,False,False,False
552,664942,False,False,False,False,True,False,False,False,False,False,False,False,False,False
553,664944,False,False,False,False,False,False,False,False,False,False,False,False,False,False
554,664948,False,False,False,False,False,False,False,False,False,True,False,False,False,False
555,665001,False,False,False,False,False,False,False,False,False,False,False,False,False,False
556,665019,False,False,False,False,False,False,False,False,False,False,False,False,False,False
557,665152,True,False,False,False,False,False,False,False,False,False,False,False,False,False
558,665621,False,False,False,False,False,False,True,False,False,False,False,False,False,False
559,665625,False,False,False,False,True,False,False,False,False,False,False,False,False,False
560,665645,True,False,False,True,False,False,False,False,False,False,False,False,False,False
561,665665,False,False,False,False,False,False,False,False,False,False,False,False,False,False
562,665795,False,False,False,False,False,False,False,False,False,False,False,False,False,False
563,665871,True,False,False,False,True,False,False,False,False,False,False,False,False,False
564,665896,True,False,False,True,False,False,True,False,False,False,False,True,False,False
565,666120,False,False,False,False,True,False,False,False,False,False,True,False,False,False
566,666129,False,False,False,False,False,False,False,False,False,False,False,False,False,False
567,666142,False,False,False,True,False,False,False,False,False,False,False,False,False,False
568,666157,False,False,False,False,False,False,False,False,True,False,False,False,False,False
569,666159,False,False,False,False,True,False,False,False,False,False,False,False,False,False
570,666168,True,False,False,False,False,False,False,False,False,False,False,False,False,False
571,666200,False,False,False,False,False,False,False,False,False,False,False,False,False,False
572,666201,False,False,False,False,False,False,False,False,False,False,False,False,False,False
573,666204,False,False,False,False,False,False,False,False,False,False,False,False,False,False
574,666205,False,False,False,True,False,False,False,False,False,False,False,False,False,False
575,666214,True,False,False,False,False,False,False,False,False,False,False,False,False,False
576,666374,False,False,False,False,False,False,False,False,False,True,False,True,False,False
577,666721,False,False,False,False,False,False,False,False,False,False,False,False,False,False
578,666808,False,False,False,True,False,True,False,False,False,False,False,False,False,False
579,666818,False,False,False,False,False,False,False,False,False,False,False,True,False,False
580,666974,False,False,False,False,False,False,False,False,False,False,False,True,False,False
581,667297,False,False,False,False,False,False,False,False,False,True,False,False,False,False
582,667376,False,False,False,False,False,True,False,False,False,False,False,False,False,False
583,667427,False,False,True,False,True,False,False,False,False,False,False,True,False,False
584,667463,False,False,False,False,True,True,False,False,False,False,False,False,False,False
585,667465,False,False,False,False,False,False,False,False,True,False,True,False,False,False
586,667498,False,False,False,False,True,False,False,False,False,False,False,False,False,False
587,668338,False,False,False,False,True,False,False,False,False,False,False,False,False,False
588,668665,True,False,False,False,False,False,False,False,False,False,False,False,False,False
589,668676,False,False,False,False,False,False,False,False,False,False,False,False,False,True
590,668678,False,False,False,True,False,False,False,False,False,False,False,False,True,False
591,668684,False,False,False,False,True,False,False,False,False,False,False,True,False,False
592,668868,False,False,False,False,True,False,False,False,False,True,False,False,False,False
593,668873,True,False,False,False,True,False,False,False,False,False,False,True,False,False
594,668881,False,False,False,True,False,False,True,False,False,False,False,False,False,False
595,668933,True,False,False,False,False,False,False,False,False,False,False,False,False,False
596,668941,False,False,False,False,False,True,False,False,False,False,False,True,False,False
597,668948,True,False,False,True,False,False,False,False,False,False,False,False,False,False
598,668970,False,False,False,True,False,False,True,False,False,False,False,False,False,False
599,669022,False,False,False,False,False,False,False,False,False,False,False,False,False,False
600,669060,False,False,False,False,True,False,False,False,False,False,False,False,False,False
601,669084,False,False,False,False,False,False,False,False,False,False,False,False,False,False
602,669093,True,False,True,False,False,False,False,False,False,False,False,False,False,False
603,669145,False,False,False,False,False,False,False,False,False,False,False,False,False,False
604,669160,True,False,False,True,False,False,False,False,False,True,False,False,False,False
605,669169,False,False,False,False,False,False,False,False,False,False,False,False,False,False
606,669194,True,False,False,False,False,False,True,False,False,False,False,False,False,False
607,669203,False,False,False,True,False,False,False,False,False,False,False,False,False,False
608,669211,False,False,False,False,False,False,False,False,False,False,False,False,False,False
609,669212,False,False,False,False,False,False,False,False,False,False,False,False,False,False
610,669270,False,False,False,False,False,False,False,False,False,False,False,False,False,False
611,669276,False,False,False,False,False,False,False,False,False,False,False,False,False,False
612,669302,False,False,False,False,False,False,False,False,False,False,False,False,False,False
613,669330,False,False,False,True,False,False,False,False,False,False,False,False,False,False
614,669358,False,False,False,True,False,False,False,False,False,False,False,False,False,False
615,669373,False,False,False,False,True,False,False,False,False,False,False,False,False,False
616,669395,False,False,False,True,False,False,False,False,False,False,False,False,False,False
617,669424,False,False,False,False,False,False,False,False,False,False,False,False,False,False
618,669432,False,False,False,True,False,False,False,False,False,False,False,False,False,True
619,669456,False,False,False,False,False,False,False,False,False,False,False,False,False,False
620,669459,False,False,False,False,False,False,False,False,False,False,False,False,False,False
621,669461,False,False,False,False,True,False,False,False,False,False,False,False,False,False
622,669467,False,False,False,False,False,True,False,False,False,False,False,False,False,False
623,669618,False,True,False,False,False,False,False,False,False,False,False,False,False,False
624,669622,False,False,False,False,False,False,False,False,False,False,False,False,False,False
625,669674,False,False,False,False,False,False,False,False,False,False,False,False,False,False
626,669711,False,False,False,False,True,False,False,False,False,True,False,False,False,False
627,669713,False,False,False,False,False,False,False,False,False,False,False,False,False,False
628,669804,False,False,False,False,False,False,False,False,False,False,False,False,False,False
629,669854,False,False,False,False,False,False,True,False,False,False,False,False,False,False
630,669912,False,False,False,True,False,False,False,False,True,True,False,False,False,False
631,669920,False,False,False,False,True,False,False,False,False,False,False,False,False,False
632,669923,True,False,False,False,False,False,False,False,False,False,False,False,False,False
633,669935,False,False,False,False,False,False,False,False,False,False,False,True,False,False
634,669952,False,False,False,False,False,False,False,False,False,False,False,False,False,False
635,670036,False,False,False,False,False,False,False,False,False,False,False,False,False,False
636,670046,False,False,False,False,True,False,False,False,False,False,False,False,False,False
637,670059,False,False,False,False,False,False,False,False,False,False,False,False,False,False
638,670090,False,False,False,False,True,False,False,False,False,False,False,False,False,False
639,670124,False,False,False,False,False,False,True,False,False,False,False,False,False,False
640,670167,False,False,False,False,False,True,False,False,False,False,False,False,False,False
641,670174,False,False,False,False,True,False,False,False,False,False,False,False,False,False
642,670280,False,False,True,False,False,False,False,False,False,False,False,False,False,False
643,670288,False,False,False,False,True,False,False,False,True,False,False,False,False,False
644,670329,False,False,False,True,False,False,False,False,False,False,False,False,False,False
645,670426,False,False,False,False,False,False,True,False,False,False,False,False,False,False
646,670768,False,False,False,False,False,True,False,False,False,False,False,False,False,False
647,670810,False,False,False,False,False,False,False,False,False,False,False,False,False,False
648,670912,False,False,False,False,False,False,False,False,False,False,False,False,False,False
649,670950,False,False,False,False,False,False,False,False,False,False,False,False,False,False
650,670955,False,False,False,False,False,False,False,False,False,False,False,False,False,False
651,670970,True,False,False,True,False,False,True,False,False,False,False,False,False,False
652,670990,False,False,False,False,False,False,False,False,False,False,False,False,False,False
653,671345,True,False,False,False,True,True,False,False,False,False,False,False,False,False
654,671790,False,False,False,False,False,False,False,False,False,False,False,False,False,False
655,672282,False,False,False,False,True,False,False,False,False,False,False,False,False,False
656,672335,False,False,False,False,False,False,False,False,False,False,False,False,False,False
657,672391,False,False,False,False,False,False,False,False,False,False,False,False,False,False
658,672578,False,False,False,True,False,False,False,False,False,False,False,False,False,False
659,672582,False,False,False,False,True,False,False,False,False,False,False,False,False,False
660,672710,False,False,False,True,False,False,False,False,False,False,False,False,False,False
661,672715,False,False,False,False,False,False,True,False,False,False,False,False,False,False
662,672851,True,False,False,False,False,False,False,False,False,False,False,False,False,True
663,672911,False,False,False,False,False,False,False,False,False,False,False,False,False,False
664,674072,False,False,False,False,False,False,False,False,False,False,False,False,False,False
665,674681,False,False,False,False,False,False,False,False,False,False,False,False,False,False
666,675540,False,False,False,False,False,False,True,False,False,False,False,False,False,False
667,675627,False,False,False,False,False,False,True,False,False,False,False,False,False,False
668,675911,False,False,True,False,False,False,False,False,False,False,False,False,False,False
669,675912,False,False,False,False,False,False,False,False,False,False,False,False,False,False
670,675916,False,False,True,False,False,False,False,False,False,False,False,False,False,False
671,675921,True,False,False,False,False,False,False,False,False,False,False,False,False,False
672,676050,False,False,False,False,True,False,False,False,False,False,False,False,False,False
673,676083,False,False,False,True,False,True,False,False,False,False,False,False,False,False
674,676092,False,False,False,True,False,False,False,False,False,False,False,False,False,False
675,676103,False,False,False,False,False,False,False,False,False,False,False,True,False,False
676,676194,True,False,False,False,True,False,False,False,False,False,False,False,False,False
677,676265,False,False,False,False,False,False,True,False,False,False,False,False,False,False
678,676477,False,False,False,False,False,False,False,False,False,False,False,False,False,False
679,676534,False,False,False,False,False,False,False,False,False,True,False,False,False,False
680,676596,True,False,False,False,True,True,False,False,False,False,True,False,False,False
681,676637,False,True,False,False,True,False,False,False,False,False,False,False,False,False
682,676641,False,False,False,False,False,False,False,False,False,False,False,False,False,False
683,676660,False,False,False,False,False,False,True,False,False,False,False,False,False,False
684,676664,False,False,False,False,False,False,False,False,False,False,False,False,False,False
685,676684,False,False,False,False,True,False,False,False,False,False,False,False,False,False
686,676710,True,False,False,True,False,False,False,False,False,False,False,False,False,False
687,676714,False,False,False,False,False,False,False,False,False,False,False,False,False,False
688,676720,False,False,False,False,True,False,True,False,False,False,False,True,False,False
689,676760,False,False,False,False,False,False,False,False,False,False,False,False,False,False
690,676831,False,False,False,False,False,False,False,False,False,False,False,True,False,False
691,676840,False,False,False,False,True,True,False,False,False,False,False,False,False,False
692,676879,False,False,False,False,True,True,False,False,False,False,False,False,False,False
693,676886,False,False,False,True,False,False,True,False,False,False,False,False,False,False
694,676974,False,False,False,False,False,False,False,False,False,False,False,False,False,False
695,677053,False,False,False,False,False,False,True,False,False,False,False,True,False,False
696,677161,False,False,False,False,False,False,False,False,False,False,False,False,False,False
697,677651,True,False,False,True,False,False,False,False,False,False,False,False,False,False
698,677865,True,False,False,False,False,False,False,False,False,False,False,False,False,False
699,678394,False,False,False,False,False,True,False,False,False,False,False,False,False,False
700,678692,False,False,False,True,False,False,False,False,False,False,False,False,False,False
701,680686,False,False,False,False,False,False,False,False,False,False,False,False,False,False
702,680694,False,False,False,False,False,False,False,False,False,False,False,False,False,False
703,680704,False,False,False,False,False,True,False,False,False,False,False,False,False,False
704,680739,False,False,False,False,True,False,False,False,False,False,False,False,False,False
705,681217,False,False,False,False,False,False,False,False,False,False,False,False,False,False
706,681799,False,False,False,True,False,False,False,True,False,True,False,True,False,False
707,681806,False,False,False,True,False,False,True,False,False,False,False,False,False,False
708,681810,False,False,False,False,False,False,False,False,False,False,False,False,False,False
709,681885,False,False,False,True,False,False,False,False,False,False,False,True,False,False
710,681911,False,False,True,False,False,False,False,False,False,False,False,False,False,False
711,682051,False,False,False,False,False,False,False,False,False,False,False,False,False,False
712,682171,False,False,False,False,False,False,True,False,False,False,False,False,False,False
713,682847,False,False,False,True,False,False,False,False,False,False,False,False,False,False
714,683769,True,False,False,False,False,False,True,False,False,False,False,False,False,False
715,685503,False,False,False,False,True,False,False,False,False,False,False,False,False,False
716,686610,False,False,False,False,False,False,False,False,False,False,False,False,False,False
717,686613,False,False,False,False,False,True,False,False,False,False,False,False,False,False
718,686752,False,False,False,True,False,False,True,False,False,False,False,True,False,False
719,686753,False,False,False,False,False,True,False,False,False,False,False,False,False,False
720,686972,True,False,False,False,False,False,True,False,False,False,False,True,False,False
721,686973,False,False,False,False,False,False,False,False,False,False,False,False,False,False
722,689225,False,False,False,True,False,False,False,False,False,False,False,False,False,False
723,693821,False,False,False,False,True,False,False,False,False,False,False,False,False,False
