,PLAYERNAME_x,Trajectory,Contact,Power,Run Speed,Arm Strength,Fielding,Error Resistance,C,1B,2B,3B,SS,LF,CF,RF,AggressiveHitter,PatientHitter,FreeSwinger,ContactHitter,PowerHitter,PullHitter,PushHitter,SprayHitter,ToughOut,Slugger,SlapHitter,Refined,GoodCatcher,GreatCatcher,GdIFHtr,GrtIFHtr,PivotMan
405395,Albert Pujols,3,9,213,4,4.0,9.0,12.0,F,A,F,F,F,F,F,F,False,False,False,False,True,True,False,False,False,False,False,False,False,False,False,False,False
408234,Miguel Cabrera,2,7,110,5,4.0,7.0,7.0,F,F,F,F,F,F,F,F,False,False,False,False,False,False,True,False,False,False,False,False,False,False,False,False,False
425877,Yadier Molina,3,8,118,4,9.0,11.0,7.0,A,F,F,F,F,F,F,F,True,False,False,False,False,False,False,False,False,False,True,False,True,False,False,False,False
429664,Robinson Cano,2,9,80,5,9.0,8.0,12.0,F,F,A,F,F,F,F,F,False,False,False,False,False,False,False,False,False,False,False,False,False,False,False,False,False
435559,Kurt Suzuki,3,9,128,5,7.0,9.0,7.0,A,F,F,F,F,F,F,F,False,False,False,False,False,False,False,False,False,False,False,False,False,False,False,False,False
443558,Nelson Cruz,2,6,148,6,4.0,7.0,7.0,F,F,F,F,F,F,F,F,False,False,False,False,False,False,True,True,False,False,False,False,False,False,False,False,False
444482,David Peralta,2,9,152,9,10.0,10.0,12.0,F,F,F,F,F,A,F,F,False,False,False,False,False,False,False,False,True,False,False,False,False,False,False,False,False
444876,Alcides Escobar,2,8,114,9,11.0,10.0,11.0,F,F,F,F,A,F,F,F,False,False,False,False,False,False,False,False,False,False,False,False,False,False,False,False,False
446334,Evan Longoria,3,6,186,6,8.0,10.0,12.0,F,F,F,A,F,F,F,F,False,False,False,False,False,True,False,False,True,False,False,False,False,False,False,False,False
453568,Charlie Blackmon,2,8,148,9,13.0,9.0,11.0,F,F,F,F,F,F,F,A,False,False,False,False,False,True,False,False,False,False,False,False,False,False,False,False,False
455117,Martin Maldonado,3,7,150,4,10.0,11.0,7.0,A,F,F,F,F,F,F,F,False,False,True,False,False,True,False,False,False,False,False,False,False,False,False,False,False
455139,Robinson Chirinos,3,6,137,5,8.0,8.0,7.0,A,F,F,F,F,F,F,F,False,False,False,False,False,False,False,False,False,False,False,False,False,False,False,False,False
456715,Lorenzo Cain,2,9,116,9,11.0,10.0,12.0,F,F,F,F,F,F,A,F,False,False,False,False,False,False,False,False,False,False,False,False,False,False,False,False,False
456781,Donovan Solano,2,9,123,7,9.0,10.0,12.0,F,A,C,A,F,F,F,F,False,False,False,False,False,False,True,False,False,False,False,False,False,False,False,False,False
457705,Andrew McCutchen,2,8,162,10,11.0,12.0,12.0,F,F,F,F,F,A,D,A,False,False,False,False,False,True,False,False,False,False,False,False,False,False,False,False,False
457708,Justin Upton,3,5,161,8,4.0,10.0,12.0,F,F,F,F,F,A,F,A,False,False,False,False,False,False,False,False,False,False,False,False,False,False,False,False,False
457759,Justin Turner,3,8,162,6,10.0,10.0,11.0,F,F,F,A,F,F,F,F,False,False,False,False,False,False,True,True,False,False,False,False,False,False,False,False,False
458015,Joey Votto,3,6,191,6,9.0,9.0,12.0,F,A,F,F,F,F,F,F,False,False,False,False,False,False,False,False,False,False,False,False,False,False,False,False,False
462101,Elvis Andrus,2,9,136,7,10.0,10.0,12.0,F,F,F,F,A,F,F,F,False,False,False,False,False,False,False,False,False,False,False,False,False,False,False,False,False
467793,Carlos Santana,2,8,151,6,10.0,10.0,12.0,F,A,F,F,F,F,F,F,False,True,False,False,False,True,False,False,False,False,False,False,False,False,False,False,False
474832,Brandon Belt,4,5,185,5,8.0,9.0,12.0,F,A,F,F,F,F,F,F,False,False,False,False,False,False,True,True,False,False,False,False,False,False,False,False,False
476704,Jed Lowrie,3,7,132,6,4.0,8.0,13.0,F,A,A,F,F,F,F,F,False,False,False,False,False,False,False,False,False,False,False,False,False,False,False,False,False
488726,Michael Brantley,2,10,134,6,11.0,10.0,12.0,F,F,F,F,F,A,F,F,False,True,False,False,False,False,False,False,False,False,False,False,False,False,False,False,False
488771,Jason Castro,2,3,140,7,10.0,10.0,7.0,A,F,F,F,F,F,F,F,False,False,False,False,False,False,False,False,False,False,False,False,False,False,False,False,False
493329,Yulieski Gurriel,2,10,133,8,9.0,9.0,12.0,F,A,F,F,F,F,F,F,False,False,False,False,False,False,True,False,False,False,False,False,False,False,False,False,False
500743,Miguel Rojas,2,10,118,7,11.0,12.0,12.0,F,D,F,F,A,F,F,F,False,False,False,False,False,False,True,True,False,False,True,False,False,False,False,False,False
500871,Eduardo Escobar,4,7,179,9,11.0,10.0,12.0,F,F,F,A,F,F,F,F,False,False,False,False,False,False,False,False,True,False,False,False,False,False,False,False,False
501303,Ehire Adrianza,2,9,112,7,11.0,13.0,12.0,F,F,B,A,D,C,F,F,False,False,False,False,False,False,False,False,False,False,False,False,False,False,False,False,False
501571,Juan Lagares,2,7,128,9,12.0,9.0,12.0,F,F,F,F,F,B,A,A,False,False,False,False,False,False,False,False,False,False,False,False,False,False,False,False,False
502054,Tommy Pham,2,8,143,9,12.0,9.0,12.0,F,F,F,F,F,A,F,F,False,True,False,False,False,False,False,False,True,True,False,False,False,False,False,False,False
502110,J.D. Martinez,3,7,175,7,4.0,7.0,7.0,F,F,F,F,F,F,F,F,False,False,False,False,False,False,True,False,True,False,False,False,False,False,False,False,False
502671,Paul Goldschmidt,3,7,208,7,6.0,9.0,12.0,F,A,F,F,F,F,F,F,False,True,False,True,True,False,True,False,True,False,False,True,False,False,False,False,False
503556,Marwin Gonzalez,2,8,131,7,13.0,12.0,13.0,F,C,F,C,B,C,F,C,False,False,False,False,False,False,False,False,False,False,False,False,False,False,False,False,False
506702,Sandy Leon,4,7,96,5,9.0,10.0,7.0,A,F,F,F,F,F,F,F,False,False,False,False,False,False,False,False,False,False,False,False,False,False,False,False,False
514888,Jose Altuve,3,10,194,9,8.0,10.0,12.0,F,F,A,F,F,F,F,F,False,False,False,False,False,True,False,False,False,False,True,True,False,False,True,False,False
514917,Cesar Hernandez,2,8,116,9,9.0,10.0,12.0,F,F,A,D,F,D,F,F,False,False,False,False,False,False,True,True,False,False,True,False,False,False,True,False,False
516416,Jean Segura,1,9,133,8,12.0,10.0,12.0,F,F,A,F,F,F,F,F,False,False,False,False,False,False,True,False,False,False,False,False,False,False,False,False,False
516782,Starling Marte,2,8,158,9,13.0,9.0,12.0,F,F,F,F,F,F,F,A,False,False,False,True,False,False,False,False,False,False,False,False,False,False,False,False,False
518586,Charlie Culberson,2,7,131,9,12.0,11.0,12.0,F,F,B,A,F,B,F,F,False,False,False,False,False,False,False,False,False,False,False,False,False,False,False,False,False
518595,Travis D'Arnaud,2,7,177,7,8.0,11.0,7.0,A,F,F,F,F,F,F,F,False,False,False,False,False,False,False,False,False,False,False,False,True,False,False,False,False
518626,Josh Donaldson,2,5,165,6,11.0,10.0,11.0,F,F,F,A,F,F,F,F,False,False,False,False,False,True,False,False,False,False,False,False,False,False,False,False,False
518692,Freddie Freeman,2,8,174,8,10.0,9.0,12.0,F,A,F,F,F,F,F,F,False,False,False,True,False,False,True,True,True,False,False,False,False,False,False,False,False
518735,Yasmani Grandal,2,8,141,4,6.0,10.0,9.0,A,D,F,F,F,F,F,F,False,True,False,False,False,False,True,True,False,False,False,False,False,False,False,False,False
518792,Jason Heyward,2,8,121,8,13.0,9.0,12.0,F,F,F,F,F,F,A,A,False,False,False,False,False,False,False,False,False,False,False,False,False,False,False,False,False
518934,DJ LeMahieu,1,10,122,7,10.0,10.0,12.0,F,B,A,A,F,F,F,F,False,True,False,False,False,False,True,False,False,False,False,False,False,False,False,False,False
519058,Mike Moustakas,3,7,142,6,9.0,10.0,12.0,F,A,F,A,F,F,F,F,True,False,False,False,False,False,False,False,False,False,False,False,False,False,False,False,False
519203,Anthony Rizzo,3,8,200,6,9.0,9.0,12.0,F,A,F,F,F,F,F,F,False,False,False,False,True,True,False,False,False,False,False,False,False,False,False,False,False
519222,Austin Romine,2,6,112,5,6.0,10.0,7.0,A,F,F,F,F,F,F,F,False,False,False,False,False,False,False,False,False,False,False,False,False,False,False,False,False
519317,Giancarlo Stanton,2,5,208,5,11.0,9.0,12.0,F,F,F,F,F,C,F,A,False,False,True,False,True,False,False,False,False,True,False,False,False,False,False,False,False
519390,Stephen Vogt,4,7,149,7,6.0,10.0,12.0,A,A,F,F,F,F,F,F,False,False,False,False,False,False,False,False,False,False,False,False,False,False,False,False,False
521692,Salvador Perez,3,7,201,6,9.0,9.0,7.0,A,F,F,F,F,F,F,F,True,False,False,False,False,True,False,False,True,True,False,False,False,False,False,False,False
527038,Wilmer Flores,3,9,161,6,10.0,10.0,11.0,F,A,A,B,F,F,F,F,False,False,False,False,False,True,False,False,False,False,False,False,False,False,False,False,False
541645,Avisail Garcia,2,6,146,9,13.0,10.0,12.0,F,F,F,F,F,F,F,A,True,False,True,False,False,False,False,False,True,False,False,False,False,False,False,False,False
542194,Christian Bethancourt,2,5,152,9,11.0,10.0,11.0,A,A,F,F,F,F,F,F,True,False,False,False,False,False,False,False,False,False,False,False,False,False,False,False,False
542303,Marcell Ozuna,3,7,166,7,10.0,9.0,12.0,F,F,F,F,F,A,F,F,False,False,False,False,False,True,False,False,False,False,False,False,False,False,False,False,False
542340,Jonathan Villar,1,5,138,8,11.0,4.0,5.0,F,F,A,A,D,F,F,F,False,False,False,False,False,False,False,False,False,False,False,False,False,False,False,False,False
542364,Rafael Ortega,3,9,138,8,11.0,9.0,12.0,F,F,F,F,F,C,A,B,False,False,False,False,False,False,False,False,False,False,False,False,False,False,False,False,False
542583,Jesus Aguilar,3,8,155,5,8.0,9.0,12.0,F,A,F,F,F,F,F,F,False,False,False,False,False,False,False,False,False,False,False,False,False,False,False,False,False
542932,Jon Berti,1,8,117,11,9.0,7.0,12.0,F,F,A,A,D,C,D,F,False,False,False,False,False,False,True,False,False,False,False,False,False,False,True,False,False
543063,Brandon Crawford,2,6,151,6,11.0,11.0,11.0,F,F,F,F,A,F,F,F,False,False,False,False,False,False,False,False,False,False,False,False,False,False,False,False,True
543068,C.J. Cron,2,8,192,6,11.0,9.0,12.0,F,A,F,F,F,F,F,F,False,False,False,False,False,False,False,False,False,False,False,False,False,False,False,False,False
543228,Yan Gomes,2,9,145,7,10.0,11.0,7.0,A,F,F,F,F,F,F,F,True,False,False,False,False,True,False,False,False,False,True,False,False,False,False,False,False
543257,Robbie Grossman,4,8,137,9,11.0,9.0,12.0,F,F,F,F,F,A,F,A,False,True,False,False,False,True,False,False,False,False,False,False,False,False,False,False,False
543281,Josh Harrison,2,8,128,8,9.0,10.0,11.0,F,F,A,C,F,F,F,F,True,False,False,False,False,False,False,False,False,False,False,False,False,False,False,False,False
543305,Aaron Hicks,3,7,118,8,13.0,11.0,12.0,F,F,F,F,F,A,A,F,False,True,False,False,False,True,False,False,False,False,False,False,False,False,True,False,False
543309,Kyle Higashioka,3,7,164,6,10.0,11.0,7.0,A,F,F,F,F,F,F,F,False,False,False,False,False,False,False,False,False,False,False,False,False,False,False,False,False
543333,Eric Hosmer,1,9,128,7,9.0,9.0,11.0,F,A,F,F,F,F,F,F,False,False,False,False,False,False,False,False,False,False,False,False,False,False,False,False,False
543510,James McCann,2,8,119,7,8.0,4.0,14.0,A,D,F,F,F,F,F,F,False,False,False,False,False,False,False,False,False,False,False,False,False,False,False,False,False
543543,Brad Miller,2,5,154,8,10.0,10.0,11.0,F,F,F,A,F,A,F,F,False,False,False,False,False,False,False,False,False,False,False,False,False,False,False,False,False
543592,Austin Nola,2,10,107,7,8.0,9.0,7.0,A,F,F,F,F,F,F,F,False,True,False,False,False,True,False,False,False,False,False,False,False,False,False,False,False
543685,Anthony Rendon,4,9,147,7,10.0,10.0,11.0,F,F,F,A,F,F,F,F,False,False,False,False,False,False,False,False,False,False,False,False,False,False,False,False,False
543760,Marcus Semien,4,9,186,10,10.0,10.0,12.0,F,F,A,F,D,F,F,F,False,False,False,False,False,True,False,False,False,False,False,False,False,False,False,False,False
543807,George Springer,3,7,194,9,11.0,10.0,12.0,F,F,F,F,F,F,A,D,False,False,False,False,False,True,False,False,False,False,False,False,False,False,False,False,False
543829,Dee Strange-Gordon,1,9,87,9,4.0,9.0,12.0,F,F,F,F,A,D,C,F,False,False,False,False,False,False,False,False,False,False,False,False,False,False,False,False,False
543877,Christian Vazquez,2,9,126,6,10.0,7.0,12.0,A,D,F,F,F,F,F,F,False,False,False,False,False,False,True,False,False,False,False,False,False,False,False,False,False
543939,Kolten Wong,2,9,165,7,8.0,9.0,11.0,F,F,A,F,F,F,F,F,False,False,False,False,False,True,False,False,False,False,False,False,False,False,False,False,False
544369,Didi Gregorius,3,8,132,8,12.0,10.0,13.0,F,F,F,F,A,F,F,F,False,False,False,False,False,False,False,False,False,False,False,False,False,False,False,False,False
544725,Leury Garcia,2,8,104,9,12.0,8.0,10.0,F,F,A,D,C,D,D,D,True,False,False,False,False,False,True,False,False,False,False,False,False,False,True,False,False
545121,Ildemaro Vargas,2,10,129,8,11.0,10.0,12.0,F,F,D,A,B,F,F,F,False,False,False,False,False,False,False,False,False,False,False,False,False,False,False,False,False
545341,Randal Grichuk,2,9,161,9,12.0,9.0,12.0,F,F,F,F,F,F,A,A,False,False,False,False,False,False,False,False,False,False,False,True,False,False,False,False,False
545350,Jake Marisnick,3,6,153,10,14.0,10.0,12.0,F,F,F,F,F,A,A,C,False,False,False,False,False,False,False,False,False,False,False,False,False,False,False,False,False
545358,Max Stassi,2,5,143,7,8.0,10.0,7.0,A,F,F,F,F,F,F,F,False,False,True,False,False,False,False,False,False,False,False,False,False,False,False,False,False
545361,Mike Trout,4,6,240,10,13.0,10.0,12.0,F,F,F,F,F,F,A,F,False,False,False,False,True,False,False,False,False,True,False,False,False,False,False,False,False
546318,Odubel Herrera,2,9,148,8,11.0,9.0,12.0,F,F,F,F,F,D,A,D,False,False,False,False,False,False,False,False,False,False,False,False,False,False,False,False,False
546991,Albert Almora,2,8,129,9,10.0,12.0,12.0,F,F,F,F,F,B,A,A,False,False,False,False,False,False,False,False,False,False,False,False,False,False,False,False,False
547180,Bryce Harper,2,6,215,9,4.0,10.0,12.0,F,F,F,F,F,F,F,A,True,False,False,False,False,False,False,False,False,False,False,False,False,False,False,False,False
547379,Roberto Perez,2,5,150,5,9.0,11.0,7.0,A,F,F,F,F,F,F,F,False,False,False,False,False,False,False,False,False,False,False,False,False,False,False,False,False
547989,Jose Abreu,2,8,158,7,7.0,9.0,11.0,F,A,F,F,F,F,F,F,False,False,False,True,False,False,False,False,False,True,False,False,False,False,False,False,False
553869,Elias Diaz,2,9,158,7,10.0,9.0,7.0,A,F,F,F,F,F,F,F,False,False,False,False,False,False,False,False,False,False,False,False,False,False,False,False,False
553882,Omar Narvaez,3,8,126,5,9.0,11.0,7.0,A,F,F,F,F,F,F,F,False,False,False,False,False,False,True,False,False,False,True,False,True,False,False,False,False
553902,Willians Astudillo,3,10,124,5,4.0,10.0,13.0,F,F,A,A,F,F,F,F,False,False,False,False,False,False,False,False,False,False,False,False,False,False,False,False,False
553993,Eugenio Suarez,3,6,194,7,11.0,10.0,12.0,F,F,F,A,F,F,F,F,False,True,True,False,False,True,False,False,False,False,False,False,False,False,False,False,False
570482,Giovanny Urshela,2,8,146,6,10.0,10.0,12.0,F,F,F,A,F,F,F,F,False,False,False,False,False,False,False,False,False,False,False,False,False,False,False,False,False
570731,Jonathan Schoop,2,8,139,8,11.0,8.0,12.0,F,E,A,F,F,F,F,F,True,False,False,False,False,False,False,False,False,False,False,False,False,False,False,False,True
571448,Nolan Arenado,4,10,204,6,11.0,11.0,12.0,F,F,F,A,F,F,F,F,False,False,False,False,False,True,False,False,False,False,False,False,False,False,False,False,False
571466,Tucker Barnhart,2,8,102,5,9.0,10.0,7.0,A,F,F,F,F,F,F,F,False,False,False,False,False,False,True,True,False,False,True,False,False,False,False,False,False
571657,Kyle Farmer,2,10,141,8,10.0,11.0,12.0,F,F,F,B,A,F,F,F,False,False,False,False,False,False,False,False,False,False,False,False,False,False,False,False,False
571745,Mitch Haniger,3,7,186,8,12.0,10.0,12.0,F,F,F,F,F,F,F,A,False,False,False,False,False,False,False,False,False,False,False,False,False,False,False,False,False
571771,Enrique Hernandez,3,9,149,8,13.0,13.0,14.0,F,F,C,F,D,F,A,F,False,False,False,False,False,True,False,False,False,False,False,False,False,False,False,False,False
571875,Jacob Lamb,3,7,163,7,4.0,11.0,12.0,F,C,F,C,F,A,F,C,False,False,False,False,False,False,False,False,False,False,False,False,False,False,False,False,False
571912,Luke Maile,3,7,120,6,10.0,11.0,7.0,A,F,F,F,F,F,F,F,False,False,False,False,False,False,False,False,False,False,False,False,False,False,False,False,False
571970,Max Muncy,3,7,191,8,10.0,10.0,11.0,F,F,B,A,F,F,F,F,False,True,False,False,False,True,False,False,True,False,False,False,False,False,False,False,False
571976,Wil Myers,2,6,152,9,11.0,8.0,12.0,F,A,F,F,F,C,D,A,False,False,True,False,False,False,True,True,True,False,False,True,False,False,False,False,False
571980,Tyler Naquin,2,6,178,9,13.0,8.0,11.0,F,F,F,F,F,C,F,A,True,False,False,False,False,False,True,False,False,False,False,False,False,False,False,False,False
572008,Chris Owings,2,3,122,9,11.0,11.0,14.0,F,F,A,D,A,F,F,F,False,False,False,False,False,False,False,False,False,False,False,False,False,False,False,False,False
572039,Stephen Piscotty,2,6,144,6,12.0,10.0,12.0,F,F,F,F,F,C,F,A,False,False,False,False,False,False,False,False,False,False,False,False,False,False,False,False,False
572041,A.J. Pollock,2,8,161,9,12.0,9.0,12.0,F,F,F,F,F,A,B,D,True,False,False,False,False,True,False,False,False,False,False,False,False,False,False,False,False
572191,Michael Taylor,2,7,122,10,13.0,10.0,12.0,F,F,F,F,F,F,A,F,False,False,False,False,False,False,False,False,False,False,False,True,False,False,True,False,False
572204,Trayce Thompson,3,5,210,9,10.0,11.0,12.0,F,F,F,F,F,A,B,B,False,False,True,False,False,True,False,False,False,False,False,False,False,False,False,False,False
572228,Luke Voit,3,5,166,5,8.0,9.0,11.0,F,A,F,F,F,F,F,F,False,False,True,False,False,True,False,False,True,False,False,False,False,False,False,False,False
572233,Christian Walker,3,8,185,8,9.0,10.0,12.0,F,A,F,F,F,F,F,F,False,False,False,False,True,False,False,False,False,False,False,False,False,False,False,False,False
572287,Mike Zunino,4,4,221,6,9.0,11.0,7.0,A,F,F,F,F,F,F,F,False,False,False,False,False,False,False,False,False,False,False,False,False,False,False,False,False
572761,Matt Carpenter,4,7,229,7,4.0,12.0,13.0,F,C,F,C,F,C,F,A,False,False,False,False,False,False,False,False,False,False,False,False,False,False,False,False,False
572816,Corey Dickerson,2,7,138,8,9.0,10.0,12.0,F,F,F,F,F,A,F,D,True,False,False,False,False,False,True,True,False,False,False,False,False,False,False,False,False
573131,Darin Ruf,2,7,159,6,10.0,6.0,12.0,F,A,F,F,F,A,F,C,False,True,False,False,False,True,True,False,True,False,False,False,False,False,False,False,False
573262,Mike Yastrzemski,3,8,176,8,12.0,10.0,12.0,F,F,F,F,F,F,A,A,False,True,False,False,False,True,False,False,False,False,False,False,False,False,False,False,False
575929,Willson Contreras,2,6,189,9,11.0,10.0,7.0,A,F,F,F,F,F,F,F,False,False,False,False,False,False,False,False,True,True,False,False,False,False,False,False,False
578428,Jose Iglesias,2,10,117,9,11.0,10.0,12.0,F,F,F,F,A,F,F,F,False,False,False,True,False,False,False,False,False,False,True,False,False,False,True,False,True
592178,Kris Bryant,2,8,178,8,12.0,9.0,11.0,F,F,F,F,F,A,F,F,False,False,False,False,False,False,False,False,False,False,False,False,False,False,False,False,False
592192,Mark Canha,2,8,144,8,10.0,9.0,12.0,F,F,F,F,F,A,D,D,False,True,False,False,False,False,True,False,False,False,False,False,False,False,False,False,False
592200,Curt Casali,4,6,137,5,9.0,10.0,7.0,A,F,F,F,F,F,F,F,False,False,False,False,False,False,False,False,False,False,False,False,False,False,False,False,False
592206,Nick Castellanos,2,7,163,9,11.0,9.0,12.0,F,F,F,F,F,D,F,A,True,False,False,False,False,False,True,True,False,False,False,False,False,False,False,False,False
592273,Brandon Drury,2,9,196,8,10.0,10.0,12.0,F,B,B,A,F,F,F,F,False,False,False,False,False,True,False,False,False,False,False,False,False,False,False,False,False
592325,Ben Gamel,2,9,141,9,11.0,9.0,9.0,F,D,F,F,F,A,F,A,False,False,False,False,False,False,False,False,False,False,False,False,False,False,False,False,False
592450,Aaron Judge,2,7,240,8,13.0,10.0,12.0,F,F,F,F,F,F,A,A,False,True,False,False,True,True,False,False,False,True,False,False,False,False,False,False,False
592518,Manny Machado,3,8,195,7,12.0,10.0,12.0,F,F,F,A,F,F,F,F,False,False,False,True,False,False,False,False,True,True,False,True,False,False,False,False,False
592567,Colin Moran,2,7,145,5,4.0,11.0,12.0,F,A,F,A,F,F,F,F,False,False,False,False,False,False,False,False,False,False,False,False,False,False,False,False,False
592626,Joc Pederson,2,8,194,7,11.0,8.0,12.0,F,F,F,F,F,A,F,C,False,False,False,False,True,False,False,False,False,True,False,False,False,False,False,False,False
592663,J.T. Realmuto,2,7,175,10,12.0,11.0,7.0,A,F,F,F,F,F,F,F,False,False,False,False,False,False,True,False,False,False,False,False,True,False,False,False,False
592669,Hunter Renfroe,3,7,202,8,14.0,9.0,12.0,F,F,F,F,F,F,F,A,False,False,False,False,True,False,False,False,False,False,False,False,False,False,False,False,False
592696,Eddie Rosario,3,7,143,8,11.0,7.0,10.0,F,F,F,F,F,A,F,B,True,False,False,False,False,False,False,False,False,False,False,False,False,False,False,False,False
592743,Andrelton Simmons,1,9,81,7,9.0,12.0,12.0,F,F,A,F,A,F,F,F,False,False,False,False,False,False,False,False,False,False,False,False,False,False,False,False,False
592885,Christian Yelich,1,8,135,9,10.0,9.0,12.0,F,F,F,F,F,A,F,F,False,False,False,False,False,False,True,False,False,True,False,False,False,False,False,False,False
593160,Whit Merrifield,2,9,131,10,11.0,10.0,12.0,F,F,A,F,F,D,C,B,False,False,False,False,False,False,True,True,False,False,False,False,False,False,False,False,False
593428,Xander Bogaerts,2,8,157,9,10.0,10.0,12.0,F,F,F,F,A,F,F,F,False,False,False,True,False,False,False,False,False,False,False,True,False,False,False,False,False
593643,Hanser Alberto,2,8,134,7,9.0,8.0,13.0,F,D,A,A,D,F,F,F,False,False,False,False,False,False,False,False,False,False,False,False,False,False,False,False,False
593871,Jorge Polanco,4,8,178,9,10.0,11.0,12.0,F,F,A,F,D,F,F,F,False,True,False,False,False,True,False,False,False,False,False,False,False,False,True,False,False
593934,Miguel Sano,4,5,180,7,4.0,9.0,10.0,F,A,F,F,F,F,F,F,False,False,False,False,False,False,False,False,False,False,False,False,False,False,False,False,False
594777,Kole Calhoun,3,5,139,6,13.0,9.0,12.0,F,F,F,F,F,B,F,A,False,False,True,False,False,True,False,False,True,True,False,False,False,False,False,False,False
594807,Adam Duvall,4,7,193,9,12.0,10.0,12.0,F,F,F,F,F,A,A,C,False,False,True,False,False,True,False,False,False,False,False,False,False,False,False,False,False
594838,Phil Gosselin,2,8,105,10,4.0,10.0,12.0,F,C,A,A,F,F,F,F,False,False,False,False,False,False,False,False,False,False,False,False,False,False,False,False,False
595281,Kevin Kiermaier,1,6,139,10,13.0,10.0,12.0,F,F,F,F,F,F,A,F,False,False,False,False,False,False,False,False,False,False,False,False,False,False,False,False,False
595751,Jorge Alfaro,2,5,131,10,11.0,10.0,7.0,A,F,F,F,F,F,F,F,True,False,True,False,False,False,True,False,False,False,False,False,False,False,False,False,False
595777,Jurickson Profar,2,9,139,7,12.0,10.0,12.0,F,F,F,F,F,A,F,F,False,False,False,False,False,True,False,False,False,False,False,False,False,False,False,False,False
595879,Javier Baez,2,6,166,9,12.0,10.0,11.0,F,F,F,F,A,F,F,F,True,False,False,False,False,False,False,False,False,False,False,False,False,False,False,False,True
595909,Jake Cave,2,5,147,9,12.0,9.0,12.0,F,F,F,F,F,A,D,C,False,False,False,False,False,False,False,False,False,False,False,False,False,False,False,False,False
595978,Austin Hedges,3,7,117,5,10.0,11.0,7.0,A,F,F,F,F,F,F,F,False,False,False,False,False,True,False,False,False,False,True,False,True,False,False,False,False
596019,Francisco Lindor,2,8,166,8,11.0,11.0,12.0,F,F,F,F,A,F,F,F,False,False,False,False,False,False,False,False,False,False,False,False,False,False,False,False,False
596059,Rougned Odor,4,7,153,8,11.0,7.0,13.0,F,F,A,D,F,F,F,F,False,False,False,False,False,True,False,False,False,False,False,False,False,False,False,False,True
596103,Austin Slater,2,6,152,9,13.0,9.0,12.0,F,F,F,F,F,D,A,D,False,False,False,False,False,False,False,False,False,False,False,False,False,False,False,False,False
596115,Trevor Story,3,7,183,10,9.0,10.0,12.0,F,F,A,F,F,F,F,F,False,False,True,False,False,False,False,False,False,False,False,False,False,False,False,False,False
596117,Garrett Stubbs,3,9,178,8,11.0,9.0,7.0,A,F,F,F,F,F,F,F,False,False,False,False,False,False,False,False,False,False,False,False,False,False,False,False,False
596129,Dan Vogelbach,2,9,171,5,4.0,7.0,7.0,F,F,F,F,F,F,F,F,False,True,False,False,False,False,False,False,False,False,False,False,False,False,False,False,False
596142,Gary Sanchez,3,7,171,6,10.0,11.0,7.0,A,F,F,F,F,F,F,F,False,False,True,False,False,True,False,False,False,True,False,False,False,False,False,False,False
596146,Max Kepler,2,9,148,9,12.0,11.0,12.0,F,F,F,F,F,F,F,A,False,False,False,False,False,True,False,False,False,False,False,False,False,False,False,False,False
596451,Roman Quinn,4,4,115,11,14.0,8.0,12.0,F,F,F,F,F,C,A,C,False,False,False,False,False,False,False,False,False,False,False,False,False,False,False,False,False
596748,Maikel Franco,2,7,132,6,11.0,11.0,13.0,F,D,F,A,F,F,F,F,True,False,False,False,False,True,False,False,False,False,False,False,False,False,False,False,False
596847,Ji-Man Choi,2,6,155,6,8.0,9.0,12.0,F,A,F,F,F,F,F,F,False,True,True,False,False,False,False,False,True,False,False,False,False,False,False,False,False
598265,Jackie Bradley Jr.,2,5,120,8,13.0,10.0,12.0,F,F,F,F,F,F,A,A,False,False,False,False,False,False,False,False,False,False,False,False,False,False,False,False,False
600303,Tommy La Stella,2,10,134,5,4.0,6.0,12.0,F,B,B,A,F,F,F,F,False,False,False,False,False,False,False,False,False,False,False,False,False,False,False,False,False
600869,Jeimer Candelario,2,8,152,8,10.0,10.0,11.0,F,F,F,A,F,F,F,F,False,False,False,False,False,False,False,False,False,False,False,False,False,False,False,False,False
602074,Yonathan Daza,2,9,105,9,13.0,9.0,10.0,F,F,F,F,F,B,A,F,False,False,False,True,False,False,True,False,False,False,True,False,False,False,False,False,False
602104,Ramon Urias,2,7,153,8,10.0,7.0,10.0,F,F,C,A,D,F,F,F,False,False,False,False,False,False,False,False,False,False,False,False,False,False,False,False,False
605113,Nick Ahmed,2,8,139,9,11.0,11.0,12.0,F,F,F,F,A,F,F,F,False,False,False,False,False,False,False,False,False,False,False,False,False,False,False,False,False
605119,Brian Anderson,2,6,133,8,14.0,10.0,12.0,F,F,F,A,F,D,F,A,False,False,False,False,False,False,False,False,False,False,False,False,False,False,False,False,False
605131,Austin Barnes,2,8,151,8,7.0,11.0,7.0,A,F,F,F,F,F,F,F,False,False,False,False,False,False,False,False,False,False,False,False,False,False,False,False,False
605137,Josh Bell,2,8,163,7,6.0,9.0,11.0,F,A,F,F,F,F,F,F,False,False,False,False,False,False,True,False,False,False,False,False,False,False,False,False,False
605141,Mookie Betts,3,10,211,8,12.0,11.0,12.0,F,F,D,F,F,F,F,A,False,False,False,False,True,True,False,False,True,False,False,False,False,False,False,False,False
605170,Victor Caratini,2,9,133,5,8.0,11.0,7.0,A,F,F,F,F,F,F,F,False,True,False,False,False,False,True,False,False,False,False,False,True,False,False,False,False
605204,J.D. Davis,2,3,158,7,4.0,9.0,12.0,F,A,F,A,F,F,F,F,False,False,True,False,False,False,False,False,False,True,False,False,False,False,False,False,False
605244,Aramis Garcia,3,7,96,7,10.0,11.0,7.0,A,F,F,F,F,F,F,F,False,False,False,False,False,False,False,False,False,False,False,False,False,False,False,False,False
605353,Vimael Machin,2,10,97,6,10.0,10.0,12.0,F,F,F,A,F,F,F,F,False,False,False,False,False,False,True,False,False,False,False,False,False,False,False,False,False
605421,Michael Perez,2,8,147,5,9.0,10.0,7.0,A,F,F,F,F,F,F,F,False,False,False,False,False,False,False,False,False,False,False,False,False,False,False,False,False
605548,Bradley Zimmer,2,4,125,10,12.0,12.0,12.0,F,F,F,F,F,F,A,D,False,False,False,False,False,False,False,False,False,False,False,False,False,False,False,False,False
605612,Harold Castro,2,9,118,7,9.0,12.0,12.0,F,A,C,B,C,D,F,F,True,False,False,False,False,False,True,True,False,False,False,False,False,False,False,False,False
606115,Orlando Arcia,2,8,156,7,11.0,9.0,9.0,F,F,A,D,F,D,F,F,False,False,False,False,False,False,False,False,False,False,False,False,False,False,False,False,False
606132,Raimel Tapia,1,9,122,9,13.0,8.0,12.0,F,F,F,F,F,A,B,B,True,False,False,False,False,False,True,False,False,False,False,False,False,False,True,False,False
606157,Aristides Aquino,3,5,167,10,14.0,13.0,12.0,F,F,F,F,F,D,D,A,True,False,True,False,False,True,False,False,False,False,False,False,False,False,False,False,False
606192,Teoscar Hernandez,2,6,194,10,13.0,8.0,12.0,F,F,F,F,F,D,F,A,False,False,True,False,False,False,False,False,False,True,False,False,False,False,False,False,False
606213,Yermin Mercedes,3,8,132,7,4.0,5.0,7.0,F,B,F,F,F,A,F,F,False,False,False,False,False,False,False,False,False,False,False,False,False,False,False,False,False
606466,Ketel Marte,2,8,166,8,11.0,10.0,11.0,F,F,A,F,F,F,F,F,False,False,False,False,False,True,False,False,False,False,False,False,False,False,False,False,False
606992,Eric Haase,3,6,181,9,10.0,11.0,12.0,A,F,F,F,F,D,F,F,False,False,False,False,False,True,False,False,True,False,False,False,False,False,False,False,False
607043,Brandon Nimmo,2,8,152,10,12.0,10.0,12.0,F,F,F,F,F,F,A,F,False,False,False,False,False,False,True,False,False,False,False,False,False,False,True,False,False
607054,Jace Peterson,2,7,141,9,12.0,7.0,12.0,F,D,F,A,F,D,F,C,False,True,False,False,False,False,False,False,False,False,False,False,False,False,True,False,False
607208,Trea Turner,2,8,167,12,11.0,10.0,11.0,F,F,F,F,A,F,F,F,False,False,False,True,False,True,False,False,False,False,False,False,False,False,True,False,False
607732,Jacob Stallings,2,9,110,5,9.0,10.0,7.0,A,F,F,F,F,F,F,F,False,False,False,False,False,False,True,False,False,False,False,False,False,False,False,False,False
608070,Jose Ramirez,3,10,208,9,10.0,10.0,12.0,F,F,F,A,F,F,F,F,False,False,False,False,False,True,False,False,False,False,False,False,False,False,True,False,False
608324,Alex Bregman,3,10,170,7,10.0,10.0,12.0,F,F,F,A,F,F,F,F,False,True,False,False,False,True,False,False,True,False,False,False,False,False,False,False,False
608336,Joey Gallo,4,4,193,8,13.0,10.0,12.0,F,F,F,F,F,A,F,A,False,False,True,False,False,True,False,False,True,True,False,False,False,False,False,False,False
608348,Carson Kelly,3,8,141,6,9.0,10.0,7.0,A,F,F,F,F,F,F,F,False,False,False,False,False,False,False,False,False,False,False,False,False,False,False,False,False
608369,Corey Seager,2,8,186,7,10.0,10.0,12.0,F,F,F,F,A,F,F,F,True,False,False,False,False,False,False,False,True,False,False,False,False,False,False,False,True
608385,Jesse Winker,2,8,156,6,11.0,9.0,12.0,F,F,F,F,F,A,F,F,False,False,False,False,False,False,False,False,False,False,False,False,False,False,False,False,False
608577,Nomar Mazara,3,7,114,7,13.0,9.0,12.0,F,F,F,F,F,F,F,A,False,False,False,False,False,False,False,False,False,False,False,False,False,False,False,False,False
608671,Travis Jankowski,1,9,89,10,4.0,10.0,12.0,F,F,F,F,F,B,A,A,False,False,False,False,False,False,False,False,False,False,False,False,False,False,False,False,False
608686,Jack Mayfield,3,8,142,8,4.0,10.0,12.0,F,F,A,A,F,D,F,C,False,False,False,False,False,False,False,False,False,False,False,False,False,False,False,False,False
608700,Kevin Plawecki,2,9,103,6,6.0,10.0,7.0,A,F,F,F,F,F,F,F,False,False,False,False,False,False,False,False,False,False,False,False,False,False,False,False,False
608701,Robert Refsnyder,2,7,155,8,13.0,11.0,12.0,F,F,F,F,F,D,A,A,False,False,False,False,False,False,False,False,False,False,False,False,False,False,False,False,False
608703,Matt Reynolds,2,8,109,8,11.0,8.0,12.0,F,C,A,C,B,D,F,D,False,True,True,False,False,False,True,False,True,False,False,True,False,False,False,False,False
608841,Joey Meneses,2,8,203,6,11.0,6.0,12.0,F,A,F,F,F,D,F,A,False,False,False,False,False,False,False,False,False,False,False,False,False,False,False,False,False
609275,Adalberto Mondesi,2,4,132,9,12.0,12.0,14.0,F,F,F,F,A,F,F,F,False,False,False,False,False,False,False,False,False,False,False,False,False,False,False,False,False
609280,Miguel Andujar,2,9,115,8,13.0,10.0,12.0,F,F,F,F,F,A,F,F,False,False,False,False,False,False,False,False,False,False,False,False,False,False,False,False,False
613564,Jason Vosler,3,7,177,7,9.0,12.0,12.0,F,D,F,A,F,D,F,F,False,False,False,False,False,False,False,False,False,False,False,False,False,False,False,False,False
614173,Franchy Cordero,2,4,152,10,11.0,8.0,11.0,F,A,F,F,F,C,F,B,False,False,True,False,False,False,False,False,True,False,False,False,False,False,True,False,False
614177,Franmil Reyes,2,5,170,7,4.0,9.0,12.0,F,F,F,F,F,F,F,A,False,False,True,False,False,False,True,False,True,False,False,False,False,False,False,False,False
620443,Luis Torrens,2,7,138,7,9.0,11.0,7.0,A,F,D,F,F,F,F,F,False,False,False,False,False,False,False,False,False,False,False,False,False,False,False,False,False
621020,Dansby Swanson,3,6,166,9,10.0,11.0,12.0,F,F,F,F,A,F,F,F,False,False,False,False,False,False,False,False,True,False,False,False,False,False,False,False,False
621028,Kevin Newman,2,10,111,9,10.0,10.0,11.0,F,F,A,F,A,F,F,F,False,False,False,False,False,False,False,False,False,False,True,False,False,False,False,False,False
621035,Chris Taylor,3,4,157,10,12.0,12.0,12.0,F,F,C,F,F,A,D,D,False,False,True,False,False,True,False,False,False,False,False,False,False,False,False,False,False
621043,Carlos Correa,2,9,170,8,12.0,10.0,12.0,F,F,F,F,A,F,F,F,False,False,False,False,False,False,False,False,False,False,False,False,False,False,False,False,False
621433,Brett Phillips,4,3,148,10,14.0,11.0,12.0,F,F,F,F,F,D,A,A,False,False,False,False,False,False,False,False,False,False,False,False,False,False,False,False,False
621438,Tyrone Taylor,3,8,185,10,12.0,11.0,12.0,F,F,F,F,F,C,A,C,False,False,False,False,False,True,False,False,False,False,False,False,False,False,False,False,False
621439,Byron Buxton,3,6,240,11,13.0,11.0,12.0,F,F,F,F,F,F,A,F,False,False,True,False,True,True,False,False,False,True,False,False,False,False,True,False,False
621450,Skye Bolt,2,7,129,9,12.0,10.0,12.0,F,F,F,F,F,F,A,D,False,False,False,False,False,False,False,False,False,False,False,False,False,False,False,False,False
621453,Steven Duggar,3,6,142,9,12.0,9.0,12.0,F,F,F,F,F,A,A,F,False,False,False,False,False,False,False,False,False,False,False,False,False,False,False,False,False
621458,Edwin Rios,2,4,183,6,4.0,4.0,13.0,F,F,F,A,F,F,F,F,False,False,False,False,False,False,False,False,False,False,False,False,False,False,False,False,False
621493,Taylor Ward,3,8,173,9,12.0,10.0,12.0,F,F,F,F,F,D,D,A,False,True,False,False,False,False,False,False,False,False,False,False,False,False,False,False,False
621512,Tomas Nido,2,4,111,6,10.0,11.0,7.0,A,F,F,F,F,F,F,F,True,False,False,False,False,False,True,False,True,False,False,False,True,False,False,False,False
621532,Anthony Bemboom,2,8,115,8,9.0,10.0,7.0,A,F,F,F,F,F,F,F,False,False,False,False,False,False,False,False,False,False,False,False,False,False,False,False,False
621550,Patrick Wisdom,4,5,202,9,12.0,6.0,12.0,F,C,F,A,F,D,F,D,False,False,True,False,False,True,False,False,False,False,False,False,False,False,False,False,False
621563,Joey Wendle,1,9,132,8,10.0,10.0,12.0,F,F,B,A,A,F,F,F,False,False,False,False,False,False,True,True,False,False,False,False,False,False,False,False,False
621566,Matt Olson,3,6,208,7,8.0,9.0,12.0,F,A,F,F,F,F,F,F,False,False,False,False,False,False,False,False,False,True,False,False,False,False,False,False,False
622110,Matt Duffy,2,10,101,7,10.0,10.0,10.0,F,B,C,A,F,F,F,F,False,False,False,False,False,False,False,False,False,False,False,False,False,False,False,False,False
622168,Yairo Munoz,1,9,175,10,4.0,6.0,12.0,F,F,A,B,F,F,F,D,False,False,False,False,False,False,False,False,False,False,False,False,False,False,False,False,False
622534,Manuel Margot,2,8,124,9,11.0,10.0,12.0,F,F,F,F,F,C,C,A,False,False,False,False,False,False,True,False,False,False,False,False,False,False,False,False,False
622666,Johan Camargo,2,7,104,5,13.0,8.0,12.0,F,D,C,B,A,F,F,F,False,False,False,False,False,False,False,False,False,False,False,False,False,False,False,False,False
622682,Victor Reyes,2,6,130,9,13.0,8.0,12.0,F,F,F,F,F,C,D,A,True,False,False,False,False,False,True,False,False,False,False,False,False,False,False,False,False
622761,Jorge Mateo,2,6,150,11,12.0,11.0,12.0,F,F,F,F,A,F,F,F,True,False,False,False,False,False,True,True,False,False,False,False,False,False,True,False,True
623168,Tyler Heineman,3,9,87,7,10.0,11.0,7.0,A,F,F,F,F,F,F,F,False,False,False,False,False,False,False,False,False,False,False,False,False,False,False,False,False
623205,Andrew Velazquez,2,4,124,10,11.0,10.0,12.0,F,F,F,F,A,F,F,F,True,False,True,False,False,False,False,False,False,False,False,False,False,False,True,False,False
623520,David Bote,2,7,147,8,10.0,10.0,13.0,F,C,A,A,F,F,F,F,False,False,False,False,False,False,False,False,False,False,False,False,False,False,False,False,False
623912,Harold Ramirez,2,8,124,9,8.0,12.0,12.0,F,A,F,F,F,D,F,A,True,False,False,True,False,False,False,False,False,False,False,False,False,False,False,False,False
623993,Anthony Santander,4,8,184,7,12.0,8.0,12.0,F,F,F,F,F,A,F,A,False,False,False,False,False,True,False,False,True,False,False,False,False,False,False,False,False
624413,Pete Alonso,3,8,209,6,9.0,9.0,12.0,F,A,F,F,F,F,F,F,False,False,False,False,True,True,False,False,False,False,False,False,False,False,False,False,False
624414,Christian Arroyo,2,9,143,9,11.0,9.0,13.0,F,D,A,C,C,F,F,C,True,False,False,True,False,False,False,False,False,False,False,False,False,False,False,False,False
624415,Cavan Biggio,3,7,144,9,10.0,10.0,12.0,F,A,A,F,F,D,F,D,False,True,True,False,False,True,False,False,True,False,False,False,False,False,False,False,False
624428,Adam Frazier,2,10,107,8,12.0,11.0,6.0,F,F,A,F,D,D,F,D,False,False,False,False,False,False,False,False,False,False,True,False,False,False,False,False,False
624431,Jose Trevino,2,9,135,6,8.0,12.0,7.0,A,F,F,F,F,F,F,F,False,False,False,False,False,False,False,False,False,False,False,False,False,True,False,False,False
624503,Nick Gordon,2,7,147,9,11.0,9.0,11.0,F,F,B,F,D,A,B,F,True,False,False,False,False,True,False,False,True,False,False,False,False,False,False,False,False
624512,Reese McGuire,2,9,116,7,10.0,11.0,7.0,A,F,F,F,F,F,F,F,False,False,False,False,False,False,True,True,False,False,True,True,False,False,False,False,False
624585,Jorge Soler,2,7,179,8,11.0,10.0,12.0,F,F,F,F,F,A,F,F,False,False,True,False,False,True,False,False,False,False,False,False,False,False,False,False,False
624641,Edmundo Sosa,2,7,136,11,11.0,11.0,13.0,F,F,F,A,A,F,F,F,False,False,False,False,False,False,False,False,False,False,False,False,False,False,False,False,False
628338,Guillermo Heredia,2,6,148,9,12.0,10.0,12.0,F,F,F,F,F,A,C,A,False,False,False,False,False,False,False,False,False,False,False,False,False,False,False,False,False
628450,Yadiel Hernandez,1,6,142,6,11.0,9.0,12.0,F,F,F,F,F,A,F,F,False,False,False,False,False,False,False,False,False,False,False,False,False,False,False,False,False
628451,Andy Ibanez,3,9,123,9,9.0,14.0,7.0,F,C,D,A,F,F,F,F,False,False,False,False,False,False,False,False,False,False,False,False,False,False,False,False,False
630105,Jake Cronenworth,3,10,158,9,10.0,10.0,11.0,F,D,A,F,D,F,F,F,False,True,False,False,False,False,True,True,False,False,False,False,False,False,False,False,False
640457,Austin Meadows,4,9,164,8,11.0,9.0,12.0,F,F,F,F,F,A,F,A,False,False,False,False,False,False,False,False,False,False,False,False,False,False,False,False,False
640458,Oscar Mercado,3,7,151,9,12.0,7.0,12.0,F,F,F,F,F,B,D,A,False,False,False,False,False,False,False,False,False,False,False,False,False,False,False,False,False
640461,Chad Pinder,2,5,151,7,12.0,10.0,7.0,F,D,F,D,F,A,F,B,False,False,True,False,False,False,False,False,False,False,False,False,False,False,False,False,False
641313,Tim Anderson,1,8,131,9,11.0,10.0,12.0,F,F,F,F,A,F,F,F,True,False,False,True,False,False,True,False,False,False,False,False,False,False,False,False,False
641355,Cody Bellinger,4,6,160,9,12.0,10.0,12.0,F,F,F,F,F,F,A,F,False,False,False,False,False,True,False,False,False,False,False,False,False,False,True,False,False
641432,Willie Calhoun,2,9,133,7,4.0,10.0,12.0,F,F,F,F,F,A,F,F,False,False,False,False,False,False,False,False,False,False,False,False,False,False,False,False,False
641470,Zack Collins,4,6,146,5,8.0,10.0,12.0,A,A,F,F,F,F,F,F,False,False,False,False,False,False,False,False,False,False,False,False,False,False,False,False,False
641487,J.P. Crawford,2,10,115,8,11.0,10.0,12.0,F,F,F,F,A,F,F,F,False,True,False,False,False,False,False,False,False,False,True,False,False,False,False,False,False
641505,Jonathan Davis,1,8,71,9,9.0,11.0,12.0,F,F,F,F,F,F,A,F,False,False,False,False,False,False,False,False,False,False,False,False,False,False,False,False,False
641513,Travis Demeritte,2,3,132,9,11.0,8.0,12.0,F,F,F,F,F,B,F,A,False,False,False,False,False,False,False,False,False,False,False,False,False,False,False,False,False
641531,Hunter Dozier,2,8,155,9,11.0,10.0,12.0,F,A,F,B,F,D,F,B,False,False,False,False,False,False,False,False,False,False,False,False,False,False,False,False,False
641553,Adam Engel,2,6,129,10,11.0,10.0,12.0,F,F,F,F,F,F,A,A,False,False,True,False,False,True,True,False,False,False,False,False,False,False,True,False,False
641584,Jake Fraley,2,8,173,9,12.0,8.0,12.0,F,F,F,F,F,A,C,A,False,False,False,False,False,False,False,False,False,False,False,False,False,False,False,False,False
641598,Mitch Garver,3,7,191,7,7.0,10.0,7.0,A,F,F,F,F,F,F,F,False,False,False,False,False,False,False,False,False,False,False,False,False,False,False,False,False
641645,Luis Guillorme,1,10,94,7,10.0,12.0,11.0,F,F,A,B,D,F,F,F,False,True,False,False,False,False,True,False,False,False,True,False,False,False,False,False,False
641658,Garrett Hampson,2,7,131,11,11.0,11.0,13.0,F,F,C,D,A,F,A,F,False,False,False,False,False,False,False,False,False,False,False,False,False,False,False,False,False
641680,Jonah Heim,3,8,160,7,9.0,11.0,7.0,A,F,F,F,F,F,F,F,False,False,False,False,False,True,False,False,False,False,False,False,True,False,False,False,False
641684,Michael Hermosillo,3,5,76,9,12.0,10.0,11.0,F,F,F,F,F,F,A,F,False,False,False,False,False,False,False,False,False,False,False,False,False,False,False,False,False
641779,Charles Leblanc,3,9,143,9,10.0,9.0,12.0,F,C,A,B,F,F,F,F,False,False,False,False,False,False,False,False,False,False,False,False,False,False,False,False,False
641786,Kyle Lewis,3,4,150,6,4.0,9.0,12.0,F,F,F,F,F,F,F,A,False,False,False,False,False,False,False,False,False,False,False,False,False,False,False,False,False
641820,Trey Mancini,2,7,154,7,10.0,8.0,11.0,F,A,F,F,F,B,F,C,False,False,False,False,False,True,False,False,True,False,False,False,False,False,False,False,False
641856,Billy McKinney,3,8,143,8,4.0,8.0,12.0,F,A,F,F,F,C,F,A,False,False,False,False,False,False,False,False,False,False,False,False,False,False,False,False,False
641857,Ryan McMahon,2,7,165,7,11.0,10.0,13.0,F,F,D,A,F,F,F,F,False,False,False,False,False,False,True,True,False,False,False,False,False,False,False,False,False
641914,Sheldon Neuse,1,8,106,7,11.0,8.0,14.0,F,C,B,A,D,F,F,F,False,False,False,False,False,False,True,False,False,False,False,False,False,False,False,False,False
641933,Tyler O'Neill,3,6,185,11,12.0,10.0,12.0,F,F,F,F,F,A,B,F,False,False,False,False,False,True,False,False,False,False,False,False,False,False,False,False,False
642086,Dominic Smith,2,8,122,7,4.0,10.0,12.0,F,A,F,F,F,F,F,F,False,False,False,False,False,False,False,False,False,False,False,False,False,False,False,False,False
642133,Rowdy Tellez,2,8,196,5,8.0,9.0,12.0,F,A,F,F,F,F,F,F,False,False,False,False,True,False,False,False,False,False,False,False,False,False,False,False,False
642136,Matt Thaiss,2,5,118,5,9.0,7.0,13.0,A,A,F,F,F,F,F,F,False,False,False,False,False,False,False,False,False,False,False,False,False,False,False,False,False
642165,Josh VanMeter,3,8,131,7,9.0,5.0,12.0,F,A,A,D,F,F,F,F,False,False,False,False,False,False,False,False,False,False,False,False,False,False,False,False,False
642180,Tyler Wade,2,7,89,10,10.0,5.0,12.0,F,F,A,C,B,D,D,D,False,False,False,False,False,False,False,False,False,False,False,False,False,False,False,False,False
642201,Eli White,3,5,128,11,12.0,11.0,12.0,F,F,F,F,F,A,A,F,False,False,False,False,False,False,False,False,False,False,False,False,False,False,False,False,False
642336,Francisco Mejia,3,8,144,8,10.0,10.0,7.0,A,F,F,F,F,F,F,F,True,False,False,False,False,True,False,False,False,False,True,False,False,False,False,False,False
642350,Jose Siri,3,5,133,12,14.0,13.0,10.0,F,F,F,F,F,F,A,D,False,False,True,False,False,False,False,False,False,False,False,False,False,False,True,False,False
642423,Magneuris Sierra,2,8,90,10,12.0,10.0,12.0,F,F,F,F,F,B,A,F,False,False,False,False,False,False,False,False,False,False,False,False,False,False,False,False,False
642456,Luis Barrera,2,8,120,9,13.0,11.0,11.0,F,F,F,F,F,A,F,A,False,False,False,False,False,False,False,False,False,False,False,False,False,False,False,False,False
642708,Amed Rosario,2,8,131,11,11.0,8.0,7.0,F,F,F,F,A,D,F,F,False,False,False,True,False,False,True,False,False,False,False,False,False,False,True,False,False
642715,Willy Adames,3,7,191,9,13.0,11.0,12.0,F,F,F,F,A,F,F,F,False,False,False,False,False,False,False,False,False,False,False,False,False,False,False,False,False
642727,Sergio Alcantara,2,7,137,8,13.0,9.0,11.0,F,F,B,A,B,F,F,F,False,False,False,False,False,False,False,False,False,False,False,False,False,False,False,False,False
642731,Thairo Estrada,2,9,147,9,9.0,11.0,13.0,F,F,A,D,B,D,F,F,False,False,False,False,False,False,False,False,False,False,False,False,False,False,False,False,False
642851,Austin Wynns,2,9,121,6,8.0,10.0,7.0,A,F,F,F,F,F,F,F,False,False,False,False,False,False,False,False,False,False,False,False,False,False,False,False,False
643217,Andrew Benintendi,2,7,129,8,11.0,10.0,12.0,F,F,F,F,F,A,F,F,False,False,False,True,False,False,True,False,False,False,False,True,False,False,False,False,False
643265,Garrett Cooper,2,8,154,7,9.0,9.0,12.0,F,A,F,F,F,F,F,F,False,False,False,False,False,False,False,False,True,False,False,False,False,False,False,False,False
643289,Mauricio Dubon,3,8,123,9,12.0,14.0,12.0,F,F,C,D,B,D,A,D,True,False,False,False,False,False,False,False,False,False,True,False,False,False,False,False,False
643376,Danny Jansen,4,7,212,8,10.0,11.0,7.0,A,F,F,F,F,F,F,F,False,False,False,False,False,False,False,False,False,False,False,False,False,False,False,False,False
643393,Tony Kemp,3,10,123,7,10.0,9.0,12.0,F,F,A,F,F,A,F,F,False,False,False,False,False,False,False,False,False,False,True,False,False,False,False,False,False
643396,Isiah Kiner-Falefa,1,11,101,9,10.0,9.0,12.0,F,F,F,D,A,F,F,F,False,False,False,False,False,False,True,False,False,False,True,False,False,False,True,False,False
643446,Jeff McNeil,2,9,131,8,12.0,10.0,12.0,F,F,A,F,F,B,F,D,True,False,False,True,False,False,False,False,False,False,True,True,False,False,True,False,False
643524,Frank Schwindel,2,7,161,6,6.0,9.0,12.0,F,A,F,F,F,F,F,F,True,False,False,False,False,True,False,False,True,False,False,False,False,False,False,False,False
644374,Yu Chang,3,8,144,9,11.0,11.0,12.0,F,C,A,D,B,F,F,F,False,False,False,False,False,False,False,False,False,False,False,False,False,False,False,False,False
645277,Ozzie Albies,3,8,179,9,8.0,10.0,12.0,F,F,A,F,F,F,F,F,True,False,False,False,False,True,False,False,False,False,True,False,False,False,True,False,False
645302,Victor Robles,3,7,110,10,14.0,10.0,12.0,F,F,F,F,F,F,A,F,True,False,False,False,False,False,False,False,False,False,True,False,False,False,False,False,False
645801,Mike Ford,3,8,127,5,4.0,9.0,12.0,F,A,F,F,F,F,F,F,False,False,False,False,False,False,False,False,False,False,False,False,False,False,False,False,False
646240,Rafael Devers,2,6,202,7,11.0,10.0,12.0,F,F,F,A,F,F,F,F,True,False,False,True,False,False,False,False,False,True,False,False,False,False,False,False,False
647304,Josh Naylor,2,9,170,6,10.0,11.0,12.0,F,A,F,F,F,F,F,D,False,False,False,False,False,True,False,False,False,False,False,False,False,False,False,False,False
647351,Abraham Toro,3,9,140,9,11.0,10.0,11.0,F,F,A,A,F,F,F,F,False,False,False,False,False,True,False,False,False,False,True,False,False,False,False,False,False
649557,Aledmys Diaz,2,8,152,8,12.0,10.0,7.0,F,D,B,C,B,A,F,F,False,False,False,False,False,True,False,False,False,False,False,False,False,False,False,False,False
649966,Luis Urias,3,7,164,7,10.0,9.0,11.0,F,F,B,A,B,F,F,F,False,False,False,False,False,True,False,False,False,False,False,False,False,False,False,False,False
650331,Lewin Diaz,3,7,150,6,7.0,10.0,12.0,F,A,F,F,F,F,F,F,False,False,False,False,False,False,False,False,False,False,False,False,False,False,False,False,False
650333,Luis Arraez,2,11,116,8,11.0,4.0,9.0,F,A,A,D,F,F,F,F,False,True,False,True,False,False,True,False,False,False,True,False,False,False,False,False,False
650339,Jermaine Palacios,1,5,109,9,11.0,7.0,8.0,F,F,A,F,A,F,F,F,False,False,False,False,False,False,False,False,False,False,False,False,False,False,False,False,False
650391,Eloy Jimenez,2,6,179,7,9.0,9.0,12.0,F,F,F,F,F,A,F,F,False,False,False,False,False,False,False,False,True,True,False,False,False,False,False,False,False
650402,Gleyber Torres,3,6,158,8,10.0,7.0,6.0,F,F,A,F,D,F,F,F,False,False,False,False,False,False,True,True,True,False,False,False,False,False,False,False,False
650489,Willi Castro,2,7,134,9,13.0,9.0,11.0,F,F,C,D,D,B,C,A,True,False,False,False,False,False,True,False,False,False,False,False,False,False,False,False,False
650490,Yandy Diaz,2,10,135,8,9.0,9.0,12.0,F,C,F,A,F,F,F,F,False,True,False,False,False,False,True,False,True,True,False,False,False,False,False,False,False
650559,Bryan De La Cruz,2,7,159,9,13.0,10.0,12.0,F,F,F,F,F,B,A,A,False,False,False,False,False,False,False,False,False,False,False,False,False,False,False,False,False
650619,Meibrys Viloria,2,3,124,6,10.0,13.0,7.0,A,F,F,F,F,F,F,F,False,False,False,False,False,False,False,False,False,False,False,False,False,False,False,False,False
650859,Luis Rengifo,2,8,152,9,11.0,11.0,12.0,F,F,A,B,D,F,F,D,True,False,False,False,False,False,False,False,False,False,False,False,False,False,False,False,False
650907,Rene Pinto,2,5,125,8,11.0,10.0,7.0,A,F,F,F,F,F,F,F,False,False,False,False,False,False,False,False,False,False,False,False,False,False,False,False,False
656180,Riley Adams,2,8,143,7,10.0,8.0,7.0,A,F,F,F,F,F,F,F,False,False,False,False,False,False,False,False,False,False,False,False,False,False,False,False,False
656185,Greg Allen,2,6,108,9,11.0,11.0,12.0,F,F,F,F,F,A,A,B,False,False,False,False,False,False,False,False,False,False,False,False,False,False,False,False,False
656248,Sean Bouchard,3,6,181,9,11.0,9.0,12.0,F,F,F,F,F,A,F,F,False,False,False,False,False,False,False,False,False,False,False,False,False,False,False,False,False
656305,Matt Chapman,3,5,179,9,12.0,10.0,12.0,F,F,F,A,F,F,F,F,False,True,False,False,False,True,False,False,True,True,False,False,False,False,False,False,False
656308,Michael Chavis,2,7,153,10,11.0,7.0,6.0,F,A,D,D,F,F,F,F,True,False,True,False,False,False,False,False,False,False,False,False,False,False,False,False,False
656413,Stuart Fairchild,2,5,189,10,12.0,9.0,12.0,F,F,F,F,F,A,A,D,False,False,False,False,False,False,False,False,False,False,False,False,False,False,False,False,False
656448,Stone Garrett,4,4,218,10,4.0,10.0,12.0,F,F,F,F,F,A,F,F,False,False,False,False,False,False,False,False,False,False,False,False,False,False,False,False,False
656537,Derek Hill,2,7,112,11,13.0,10.0,12.0,F,F,F,F,F,F,A,F,False,False,False,False,False,False,False,False,False,False,False,False,False,False,False,False,False
656541,Sam Hilliard,2,4,144,10,13.0,9.0,12.0,F,F,F,F,F,A,C,F,False,False,False,False,False,False,False,False,False,False,False,False,False,False,False,False,False
656555,Rhys Hoskins,3,8,199,7,8.0,9.0,11.0,F,A,F,F,F,F,F,F,False,True,False,False,False,True,False,False,False,False,False,False,False,False,False,False,False
656582,Connor Joe,2,8,137,8,13.0,8.0,12.0,F,B,F,F,F,A,F,C,False,True,False,False,False,False,False,False,False,False,False,False,False,False,False,False,False
656669,Jordan Luplow,3,6,182,9,14.0,8.0,11.0,F,F,F,F,F,A,D,A,False,False,False,False,False,False,False,False,False,False,False,False,False,False,False,False,False
656716,Zach McKinstry,2,9,161,9,12.0,11.0,12.0,F,F,A,A,C,F,F,D,False,False,False,False,False,False,False,False,False,False,False,False,False,False,False,False,False
656775,Cedric Mullins,3,8,162,9,11.0,10.0,12.0,F,F,F,F,F,F,A,F,False,False,False,False,False,True,False,False,False,False,False,False,False,False,True,False,False
656811,Ryan O'Hearn,2,8,124,8,4.0,10.0,12.0,F,A,F,F,F,F,F,A,False,False,False,False,False,False,False,False,False,False,False,False,False,False,False,False,False
656896,Emmanuel Rivera,2,8,157,8,12.0,9.0,7.0,F,D,F,A,F,F,F,F,False,False,False,False,False,False,False,False,False,False,False,False,False,False,False,False,False
656941,Kyle Schwarber,3,6,232,7,10.0,9.0,12.0,F,F,F,F,F,A,F,F,False,True,True,False,True,True,False,False,True,True,False,False,False,False,False,False,False
656976,Pavin Smith,2,9,143,7,11.0,10.0,13.0,F,C,F,F,F,F,F,A,False,True,False,False,False,False,False,False,False,False,False,False,False,False,False,False,False
657041,Lane Thomas,2,9,158,10,13.0,10.0,12.0,F,F,F,F,F,A,A,B,False,False,False,False,False,True,False,False,False,False,False,False,False,False,False,False,False
657061,Cole Tucker,2,7,108,9,4.0,6.0,4.0,F,F,A,F,C,F,F,A,False,False,False,False,False,False,False,False,False,False,False,False,False,False,False,False,False
657077,Alex Verdugo,2,10,135,8,12.0,9.0,11.0,F,F,F,F,F,A,F,A,False,False,False,False,False,False,True,False,False,False,False,False,False,False,False,False,False
657557,Paul DeJong,3,6,153,9,10.0,11.0,12.0,F,F,F,F,A,F,F,F,False,False,False,False,False,False,False,False,False,False,False,False,False,False,False,False,False
657656,Ramon Laureano,2,7,164,9,13.0,9.0,12.0,F,F,F,F,F,F,A,A,False,False,False,False,False,True,False,False,False,False,False,False,False,False,False,False,False
657757,Gavin Sheets,2,9,170,7,12.0,10.0,12.0,F,C,F,F,F,D,F,A,False,False,False,False,False,False,False,False,False,False,False,False,False,False,False,False,False
658668,Edward Olivares,2,8,139,10,13.0,10.0,12.0,F,F,F,F,F,A,F,A,False,False,False,False,False,False,False,False,False,False,False,False,False,False,False,False,False
660162,Yoan Moncada,2,7,144,8,11.0,10.0,12.0,F,F,F,A,F,F,F,F,False,False,False,False,False,False,False,False,False,False,False,False,False,False,False,False,False
660271,Shohei Ohtani,2,6,225,9,4.0,7.0,7.0,F,F,F,F,F,F,F,F,False,False,False,False,False,False,True,True,False,True,False,False,False,False,True,False,False
660294,Yoshitomo Tsutsugo,2,8,118,7,8.0,9.0,11.0,F,A,F,F,F,F,F,F,False,False,False,False,False,False,False,False,False,False,False,False,False,False,False,False,False
660636,Diego Castillo,2,7,164,8,12.0,7.0,6.0,F,D,B,D,A,F,F,B,False,False,False,False,False,True,False,False,True,False,False,False,False,False,False,False,False
660644,Vidal Brujan,2,9,114,9,11.0,9.0,13.0,F,F,A,F,D,F,F,B,False,False,False,False,False,False,False,False,False,False,False,False,False,False,False,False,False
660650,Dermis Garcia,2,3,167,8,7.0,10.0,12.0,F,A,F,F,F,F,F,F,False,False,False,False,False,False,False,False,False,False,False,False,False,False,False,False,False
660670,Ronald Acuna,2,7,172,10,14.0,9.0,12.0,F,F,F,F,F,F,F,A,False,False,False,False,False,False,False,False,False,True,False,False,False,False,True,False,False
660688,Keibert Ruiz,3,10,124,6,8.0,10.0,7.0,A,F,F,F,F,F,F,F,False,False,False,False,False,True,False,False,False,False,False,False,False,False,False,False,False
660707,Elehuris Montero,2,6,178,8,4.0,9.0,12.0,F,A,F,A,F,F,F,F,False,False,False,False,False,False,False,False,False,False,False,False,False,False,False,False,False
660757,Oscar Gonzalez,2,8,158,10,14.0,9.0,11.0,F,F,F,F,F,F,F,A,True,False,False,True,False,False,False,False,False,False,False,False,False,False,False,False,False
660766,Juan Yepez,3,8,175,8,13.0,10.0,13.0,F,C,F,D,F,A,F,A,True,False,False,False,False,True,False,False,False,False,False,True,False,False,False,False,False
660821,Jesus Sanchez,2,7,180,8,13.0,11.0,12.0,F,F,F,F,F,C,A,F,False,False,False,False,False,True,True,False,False,False,False,False,False,False,False,False,False
660829,Hoy Park,2,7,147,9,4.0,4.0,8.0,F,F,A,B,C,F,F,D,False,False,False,False,False,False,False,False,False,False,False,False,False,False,False,False,False
661388,William Contreras,2,5,191,8,9.0,10.0,7.0,A,F,F,F,F,F,F,F,False,False,False,False,True,False,False,False,False,False,False,True,False,False,False,False,False
661531,Brian Serven,2,7,134,7,9.0,11.0,7.0,A,F,F,F,F,F,F,F,False,False,False,False,False,False,False,False,False,False,False,False,False,False,False,False,False
662139,Daulton Varsho,3,7,181,9,10.0,10.0,7.0,C,F,F,F,F,F,A,A,False,False,False,False,False,True,False,False,True,False,False,False,False,False,False,False,False
663457,Lars Nootbaar,2,7,188,9,13.0,12.0,12.0,F,F,F,F,F,D,C,A,False,True,False,False,False,True,False,False,False,False,False,False,False,False,False,False,False
663538,Nico Hoerner,2,10,130,10,11.0,11.0,12.0,F,F,F,F,A,F,F,F,False,False,False,False,False,False,True,True,False,False,False,False,False,False,False,False,False
663586,Austin Riley,2,7,207,9,11.0,10.0,11.0,F,F,F,A,F,F,F,F,False,False,False,False,True,False,False,False,True,True,False,False,False,False,False,False,False
663611,Nick Madrigal,1,11,93,9,9.0,10.0,12.0,F,F,A,F,F,F,F,F,False,False,False,False,False,False,False,False,False,False,False,False,False,False,False,False,False
663616,Trevor Larnach,2,5,150,8,12.0,11.0,12.0,F,F,F,F,F,A,F,B,False,False,False,False,False,False,False,False,False,False,False,False,False,False,False,False,False
663624,Ryan Mountcastle,3,6,174,9,8.0,9.0,12.0,F,A,F,F,F,F,F,F,True,False,False,False,False,False,True,True,False,False,False,False,False,False,False,False,False
663630,Ryan McKenna,2,5,115,10,12.0,12.0,12.0,F,F,F,F,F,A,A,B,False,False,False,False,False,False,False,False,False,False,False,False,False,False,False,False,False
663647,Ke'Bryan Hayes,1,10,120,9,10.0,11.0,12.0,F,F,F,A,F,F,F,F,False,False,False,False,False,False,True,False,False,False,False,False,False,False,False,False,False
663656,Kyle Tucker,3,9,200,8,12.0,10.0,12.0,F,F,F,F,F,F,F,A,False,False,False,False,False,True,False,False,True,False,False,False,False,False,False,False,False
663662,Daz Cameron,2,6,144,9,4.0,7.0,12.0,F,F,F,F,F,F,A,A,False,False,False,False,False,False,False,False,False,False,False,False,False,False,False,False,False
663697,Jonathan India,2,8,151,9,10.0,9.0,11.0,F,F,A,F,F,F,F,F,False,True,False,False,False,True,False,False,False,False,True,False,False,False,False,False,False
663698,Joey Bart,3,4,147,8,10.0,10.0,7.0,A,F,F,F,F,F,F,F,False,False,True,False,False,True,False,False,False,False,False,False,False,False,False,False,False
663728,Cal Raleigh,4,5,213,8,9.0,11.0,7.0,A,F,F,F,F,F,F,F,False,False,True,False,True,True,False,False,True,False,False,False,True,False,False,False,False
663757,Trent Grisham,2,7,155,10,11.0,10.0,12.0,F,F,F,F,F,F,A,F,False,True,True,False,False,True,False,False,False,False,False,False,False,False,False,False,False
663837,Matt Vierling,2,9,123,11,13.0,12.0,12.0,F,F,D,D,F,C,A,B,False,False,False,False,False,False,True,False,False,False,False,False,False,False,False,False,False
663845,Alfonso Rivas,1,8,100,7,8.0,9.0,12.0,F,A,F,F,F,F,F,F,False,True,True,False,False,False,True,False,False,False,False,False,False,False,False,False,False
663853,Romy Gonzalez,1,4,126,9,12.0,10.0,14.0,F,F,A,F,C,F,F,F,False,False,False,False,False,False,False,False,False,False,False,False,False,False,False,False,False
663886,Tyler Stephenson,2,9,151,7,10.0,10.0,7.0,A,F,F,F,F,F,F,F,False,False,False,False,False,False,False,False,False,False,False,False,False,False,False,False,False
663897,Luke Williams,2,7,103,10,11.0,10.0,12.0,F,F,B,A,F,A,F,F,False,False,False,False,False,False,False,False,False,False,False,False,False,False,False,False,False
663898,Brendan Rodgers,2,8,150,8,10.0,10.0,12.0,F,F,A,F,F,F,F,F,False,False,False,False,False,False,True,False,False,False,False,False,False,False,False,False,True
663993,Nate Lowe,2,8,165,8,10.0,9.0,12.0,F,A,F,F,F,F,F,F,False,False,False,True,False,False,True,False,False,False,False,False,False,False,False,False,False
664023,Ian Happ,2,6,167,9,11.0,13.0,12.0,F,F,F,F,F,A,E,F,False,False,False,False,False,False,False,False,False,False,False,True,False,False,False,False,False
664029,Mark Mathias,2,4,215,8,4.0,9.0,13.0,F,B,A,C,F,C,F,F,False,False,False,False,False,False,False,False,False,False,False,False,False,False,False,False,False
664034,Ty France,2,10,154,6,8.0,9.0,13.0,F,A,F,D,F,F,F,F,False,False,False,False,False,False,True,True,False,False,False,False,False,False,False,False,False
664040,Brandon Lowe,3,6,193,8,10.0,10.0,11.0,F,F,A,F,F,F,F,F,False,False,False,False,False,False,False,False,False,False,False,False,False,False,False,False,False
664056,Harrison Bader,3,9,142,10,13.0,10.0,12.0,F,F,F,F,F,F,A,F,False,False,False,False,False,False,False,False,False,False,True,False,False,False,True,False,False
664058,David Fletcher,2,11,98,7,9.0,11.0,13.0,F,F,A,F,A,F,F,F,False,False,False,False,False,False,False,False,False,False,False,False,False,False,False,False,False
664059,Sam Haggerty,2,6,142,10,11.0,12.0,13.0,F,F,D,F,F,A,D,A,False,False,False,False,False,False,False,False,False,False,False,False,False,False,False,False,False
664238,Dylan Moore,4,6,153,9,11.0,11.0,7.0,F,D,C,F,B,C,D,A,False,True,True,False,False,False,False,False,False,False,False,False,False,False,False,False,False
664247,Kyle Garlick,3,6,184,7,10.0,9.0,12.0,F,F,F,F,F,A,F,A,False,False,False,False,False,False,False,False,False,False,False,False,False,False,False,False,False
664702,Myles Straw,2,10,93,10,11.0,11.0,12.0,F,F,F,F,F,F,A,F,False,True,False,False,False,False,True,False,False,False,True,False,False,False,True,False,False
664728,Kyle Isbel,2,8,137,9,12.0,12.0,12.0,F,F,F,F,F,B,A,A,False,False,False,False,False,True,False,False,False,False,False,False,False,False,False,False,False
664761,Alec Bohm,2,8,125,8,10.0,9.0,12.0,F,D,F,A,F,F,F,F,False,False,False,False,False,False,True,False,False,False,False,False,False,False,False,False,False
664774,LaMonte Wade,4,9,170,7,11.0,9.0,12.0,F,A,F,F,F,C,F,A,False,False,False,False,False,False,False,False,False,False,False,False,False,False,False,False,False
664874,Seby Zavala,4,5,135,6,9.0,11.0,7.0,A,F,F,F,F,F,F,F,False,False,False,False,False,False,False,False,False,False,False,False,False,False,False,False,False
664901,Danny Mendick,2,7,126,7,9.0,12.0,12.0,F,F,C,D,A,F,F,F,False,False,False,False,False,False,False,False,False,False,False,False,False,False,False,False,False
664913,Seth Brown,3,7,195,9,11.0,8.0,11.0,F,A,F,F,F,C,C,C,False,False,False,False,False,False,False,False,False,False,False,False,False,False,False,False,False
664983,Jake McCarthy,2,6,144,11,10.0,10.0,12.0,F,F,F,F,F,A,C,A,False,False,False,False,False,False,False,False,False,False,False,True,False,False,True,False,False
665019,Kody Clemens,3,7,155,8,10.0,9.0,12.0,F,B,B,A,F,C,F,F,False,False,False,False,False,False,False,False,False,False,False,False,False,False,False,False,False
665120,Jared Walsh,2,7,171,7,10.0,9.0,12.0,F,A,F,F,F,F,F,F,False,False,True,False,False,False,False,False,False,False,False,False,False,False,False,False,False
665155,Nick Maton,3,6,182,8,4.0,13.0,12.0,F,F,A,D,D,B,F,A,False,False,False,False,False,False,False,False,False,False,False,False,False,False,False,False,False
665161,Jeremy Pena,2,8,162,10,11.0,10.0,11.0,F,F,F,F,A,F,F,F,True,False,False,False,False,True,False,False,False,False,False,False,False,False,False,False,False
665482,Gilberto Celestino,1,8,100,9,13.0,9.0,12.0,F,F,F,F,F,C,A,D,False,False,False,False,False,False,True,False,False,False,False,False,False,False,False,False,False
665489,Vladimir Guerrero Jr.,2,8,199,7,12.0,9.0,11.0,F,A,F,F,F,F,F,F,False,False,False,False,False,False,False,False,False,True,False,False,False,False,False,False,False
665506,Cristian Pache,1,6,103,10,13.0,10.0,12.0,F,F,F,F,F,F,A,F,False,False,False,False,False,True,False,False,False,False,False,False,False,False,False,False,False
665742,Juan Soto,2,9,187,8,11.0,9.0,12.0,F,F,F,F,F,F,F,A,False,True,False,False,False,False,False,False,False,False,False,False,False,False,False,False,False
665750,Leody Taveras,2,7,121,11,14.0,10.0,12.0,F,F,F,F,F,F,A,F,False,False,False,False,False,False,False,False,False,False,False,True,False,False,True,False,False
665828,Oswaldo Cabrera,4,8,168,8,13.0,10.0,7.0,F,D,D,D,D,C,F,A,False,False,False,False,False,False,False,False,False,False,False,False,False,False,False,False,False
665833,Oneil Cruz,2,7,190,11,14.0,9.0,10.0,F,F,F,F,A,F,F,F,False,True,True,False,False,True,False,False,False,False,False,False,False,False,True,False,False
665862,Jazz Chisholm,2,6,196,10,10.0,10.0,11.0,F,F,A,F,F,F,F,F,False,False,False,False,False,False,False,False,False,False,False,False,False,False,False,False,False
665926,Andres Gimenez,2,7,156,10,11.0,10.0,13.0,F,F,A,F,C,F,F,F,True,False,False,False,False,False,False,False,False,False,False,True,False,False,True,False,False
666018,Jonathan Aranda,2,8,134,6,4.0,9.0,12.0,F,B,A,B,F,F,F,F,False,False,False,False,False,False,False,False,False,False,False,False,False,False,False,False,False
666134,Nolan Jones,3,4,134,9,14.0,10.0,12.0,F,F,F,F,F,F,F,A,False,False,False,False,False,False,False,False,False,False,False,False,False,False,False,False,False
666135,Alex Kirilloff,2,8,140,8,12.0,9.0,12.0,F,A,F,F,F,A,F,C,False,False,False,False,False,False,False,False,False,False,False,False,False,False,False,False,False
666139,Josh Lowe,2,4,131,10,13.0,9.0,12.0,F,F,F,F,F,B,C,A,False,False,False,False,False,False,False,False,False,False,False,False,False,False,False,False,False
666158,Gavin Lux,2,8,132,10,11.0,12.0,13.0,F,F,A,F,D,C,F,F,False,True,False,False,False,False,False,False,False,False,False,False,False,False,True,False,False
666160,Mickey Moniak,3,6,137,9,12.0,10.0,12.0,F,F,F,F,F,A,A,F,False,False,False,False,False,False,False,False,False,False,False,False,False,False,False,False,False
666176,Jo Adell,3,4,149,11,12.0,9.0,12.0,F,F,F,F,F,A,F,C,False,False,True,False,False,True,False,False,False,False,False,False,False,False,False,False,False
666179,Seth Beer,2,6,89,5,4.0,8.0,9.0,F,A,F,F,F,F,F,F,False,False,False,False,False,False,False,False,False,False,False,False,False,False,False,False,False
666182,Bo Bichette,2,9,167,9,11.0,10.0,11.0,F,F,F,F,A,F,F,F,True,False,False,True,False,False,True,True,False,True,False,False,False,False,False,False,False
666185,Dylan Carlson,2,7,151,9,13.0,9.0,12.0,F,F,F,F,F,F,A,A,False,False,False,False,False,False,True,False,False,False,True,False,False,False,False,False,False
666211,Taylor Trammell,3,5,181,8,11.0,10.0,12.0,F,F,F,F,F,D,C,A,False,False,False,False,False,False,False,False,False,False,False,False,False,False,False,False,False
666464,Jerar Encarnacion,2,3,152,9,13.0,10.0,11.0,F,F,F,F,F,A,F,A,False,False,False,False,False,False,False,False,False,False,False,False,False,False,False,False,False
666624,Christopher Morel,2,3,178,10,14.0,9.0,11.0,F,F,B,C,D,F,A,F,False,False,True,False,False,False,False,False,False,False,False,False,False,False,False,False,False
666801,Rodolfo Castro,2,6,175,8,12.0,10.0,10.0,F,F,A,A,B,F,F,F,False,False,False,False,False,False,False,False,False,False,False,False,False,False,False,False,False
666915,Bobby Dalbec,3,5,175,9,8.0,12.0,14.0,F,A,F,C,D,F,F,F,False,False,True,False,False,False,False,False,False,False,False,False,False,False,False,False,False
666969,Adolis Garcia,2,5,184,9,14.0,10.0,12.0,F,F,F,F,F,F,A,A,True,False,False,False,False,False,False,False,True,False,False,False,False,False,False,False,False
666971,Lourdes Gurriel,2,8,140,8,12.0,10.0,7.0,F,D,F,F,F,A,F,F,False,False,False,True,False,False,True,False,True,False,False,False,False,False,False,False,False
668227,Randy Arozarena,2,6,169,10,11.0,10.0,12.0,F,F,F,F,F,A,F,C,False,False,False,False,False,False,False,False,False,False,False,False,False,False,True,False,False
668472,Nick Pratto,3,6,181,8,10.0,9.0,12.0,F,A,F,F,F,C,F,F,False,False,False,False,False,False,False,False,False,False,False,False,False,False,False,False,False
668663,Tres Barrera,3,9,99,5,8.0,10.0,7.0,A,F,F,F,F,F,F,F,False,False,False,False,False,False,False,False,False,False,False,False,False,False,False,False,False
668709,J.J. Bleday,4,6,143,9,12.0,10.0,12.0,F,F,F,F,F,B,A,D,False,False,False,False,False,False,False,False,False,False,False,False,False,False,False,False,False
668715,Spencer Steer,2,9,127,8,4.0,10.0,11.0,F,A,C,A,F,F,F,F,False,False,False,False,False,False,False,False,False,False,False,False,False,False,False,False,False
668731,Akil Baddoo,2,6,131,10,11.0,9.0,12.0,F,F,F,F,F,A,B,F,False,False,False,False,False,False,False,False,False,False,False,False,False,False,False,False,False
668751,Cal Mitchell,2,8,131,7,11.0,9.0,12.0,F,F,F,F,F,F,F,A,False,False,False,False,False,False,False,False,False,False,False,False,False,False,False,False,False
668800,Andrew Knizner,2,8,105,6,8.0,9.0,7.0,A,F,F,F,F,F,F,F,False,False,False,False,False,False,False,False,False,False,False,False,False,False,False,False,False
668804,Bryan Reynolds,2,8,183,9,13.0,11.0,12.0,F,F,F,F,F,E,A,F,False,False,False,False,False,False,False,False,False,False,False,False,False,False,False,False,False
668939,Adley Rutschman,3,9,173,8,10.0,11.0,7.0,A,F,F,F,F,F,F,F,False,True,False,False,False,False,False,False,False,False,False,False,True,False,False,False,False
668942,Josh Rojas,2,8,136,8,12.0,10.0,11.0,F,F,B,A,F,F,F,F,False,True,False,False,False,False,True,True,False,False,False,False,False,False,False,False,False
669003,Garrett Mitchell,2,6,147,11,14.0,11.0,12.0,F,F,F,F,F,F,A,F,False,False,False,False,False,False,False,False,False,False,False,False,False,False,False,False,False
669004,MJ Melendez,3,7,164,9,10.0,9.0,12.0,A,F,F,F,F,B,F,C,False,False,False,False,False,True,False,False,False,False,False,False,False,False,True,False,False
669016,Brandon Marsh,2,6,136,10,12.0,11.0,12.0,F,F,F,F,F,A,A,D,False,False,True,False,False,False,False,False,False,False,False,False,False,False,True,False,False
669087,Sam Huff,2,5,137,8,8.0,9.0,12.0,A,C,F,F,F,F,F,F,False,False,False,False,False,False,False,False,False,False,False,False,False,False,False,False,False
669127,Shea Langeliers,3,3,186,10,10.0,7.0,7.0,F,F,F,F,F,F,F,F,False,False,False,False,False,False,False,False,False,False,False,False,False,False,False,False,False
669134,Luis Campusano,3,7,107,7,11.0,9.0,7.0,A,F,F,F,F,F,F,F,False,False,False,False,False,False,False,False,False,False,False,False,False,False,False,False,False
669221,Sean Murphy,2,8,166,7,11.0,11.0,7.0,A,F,F,F,F,F,F,F,False,False,False,False,False,False,False,False,False,False,False,False,True,False,False,False,False
669222,Nick Senzel,2,9,101,10,12.0,10.0,12.0,F,F,F,D,F,F,A,F,False,False,False,False,False,False,False,False,False,False,False,False,False,False,False,False,False
669242,Tommy Edman,2,10,137,10,10.0,12.0,11.0,F,F,A,D,A,F,F,F,False,False,False,False,False,False,False,False,False,False,False,False,False,False,True,False,False
669256,Nick Solak,2,7,130,10,10.0,10.0,12.0,F,F,F,F,F,A,F,F,False,False,False,False,False,False,False,False,False,False,False,False,False,False,False,False,False
669257,Will Smith,3,8,188,8,10.0,10.0,7.0,A,F,F,F,F,F,F,F,False,True,False,False,False,False,False,False,False,False,False,False,False,False,False,False,False
669261,Jack Suwinski,2,7,184,10,12.0,12.0,12.0,F,F,F,F,F,A,C,A,False,False,True,False,False,True,False,False,False,False,False,False,False,False,False,False,False
669289,Santiago Espinal,2,10,118,8,10.0,11.0,12.0,F,F,A,D,D,F,F,F,False,False,False,False,False,False,False,False,False,False,False,False,False,False,False,False,False
669304,Jose Miranda,2,8,153,7,8.0,10.0,11.0,F,A,F,B,F,F,F,F,False,False,False,False,False,True,False,False,True,False,False,False,False,False,False,False,False
669352,Bubba Thompson,2,4,85,12,11.0,10.0,12.0,F,F,F,F,F,A,C,C,False,False,False,False,False,False,False,False,False,False,False,False,False,False,False,False,False
669357,Nolan Gorman,3,5,175,8,10.0,9.0,12.0,F,F,A,F,F,F,F,F,False,False,True,False,False,False,False,False,True,False,False,False,False,False,False,False,False
669374,Keston Hiura,3,3,178,8,4.0,9.0,11.0,F,A,B,F,F,C,F,F,False,False,True,False,True,False,False,False,True,False,False,False,False,False,False,False,False
669394,Jake Burger,2,6,184,9,11.0,9.0,11.0,F,F,F,A,F,F,F,F,False,False,False,False,False,False,False,False,False,False,False,False,False,False,False,False,False
669397,Nick Allen,2,8,107,9,11.0,10.0,11.0,F,F,A,F,A,F,F,F,False,False,False,False,False,False,True,False,False,False,True,False,False,False,False,False,False
669450,Cooper Hummel,2,7,136,10,6.0,9.0,7.0,A,F,F,F,F,A,F,F,False,False,False,False,False,False,False,False,False,False,False,False,False,False,False,False,False
669701,Josh Smith,3,8,88,9,12.0,9.0,14.0,F,F,F,A,D,A,F,F,False,True,False,False,False,False,False,False,False,False,True,False,False,False,False,False,False
669720,Austin Hays,2,9,164,9,13.0,11.0,12.0,F,F,F,F,F,A,D,A,False,False,False,False,False,True,False,False,False,False,False,False,False,False,False,False,False
669742,Darick Hall,3,6,223,7,4.0,9.0,12.0,F,A,F,F,F,F,F,F,False,False,False,False,False,False,False,False,False,False,False,False,False,False,False,False,False
669911,Michael Toglia,3,6,155,9,4.0,10.0,13.0,F,A,F,F,F,F,F,A,False,False,False,False,False,False,False,False,False,False,False,False,False,False,False,False,False
670032,Nicky Lopez,1,9,91,9,11.0,11.0,13.0,F,F,A,C,A,F,F,F,False,False,False,False,False,False,True,False,False,False,True,False,False,False,True,False,False
670042,Luke Raley,2,4,111,10,4.0,8.0,13.0,F,C,F,F,F,A,F,A,False,False,False,False,False,False,False,False,False,False,False,False,False,False,False,False,False
670276,Cal Stevenson,2,7,86,9,12.0,10.0,12.0,F,F,F,F,F,F,A,F,False,False,False,False,False,False,False,False,False,False,False,False,False,False,False,False,False
670351,Jose Rojas,4,7,136,7,4.0,7.0,9.0,F,F,F,A,F,F,F,A,False,False,False,False,False,False,False,False,False,False,False,False,False,False,False,False,False
670541,Yordan Alvarez,2,9,233,7,12.0,10.0,12.0,F,F,F,F,F,A,F,F,False,True,False,False,True,False,False,False,False,True,False,False,False,False,False,False,False
670623,Isaac Paredes,3,10,190,7,11.0,10.0,12.0,F,C,A,A,F,F,F,F,False,True,False,False,True,True,False,False,False,False,False,False,False,False,False,False,False
670712,Michael Brosseau,3,5,155,9,10.0,9.0,7.0,F,D,F,A,D,F,F,F,False,False,False,False,False,False,False,False,False,False,False,False,False,False,False,False,False
670764,Taylor Walls,3,7,123,10,11.0,10.0,11.0,F,F,C,C,A,F,F,F,False,True,False,False,False,False,True,True,False,False,True,False,False,False,True,False,False
670768,Luis Gonzalez,2,8,121,9,13.0,10.0,12.0,F,F,F,F,F,A,D,A,False,False,False,False,False,False,True,True,False,False,False,True,False,False,True,False,False
670770,TJ Friedl,3,8,176,9,11.0,10.0,12.0,F,F,F,F,F,A,A,B,False,False,False,False,False,True,False,False,False,False,True,False,False,False,True,False,False
671083,Buddy Kennedy,2,8,122,10,10.0,10.0,11.0,F,F,A,F,F,F,F,F,False,False,False,False,False,False,False,False,False,False,False,False,False,False,False,False,False
671213,Triston Casas,1,7,186,5,10.0,7.0,7.0,F,F,F,F,F,F,F,F,False,False,False,False,False,False,False,False,False,False,False,False,False,False,False,False,False
671221,Drew Waters,2,6,203,9,14.0,11.0,12.0,F,F,F,F,F,D,A,A,False,False,False,False,False,False,False,False,False,False,False,False,False,False,False,False,False
671277,Luis Garcia,2,7,143,8,10.0,10.0,12.0,F,F,A,F,A,F,F,F,True,False,False,False,False,False,False,False,False,False,False,False,False,False,False,False,False
671289,Tyler Freeman,2,9,80,9,11.0,7.0,7.0,F,F,F,F,F,F,F,F,False,False,False,False,False,False,False,False,False,False,False,False,False,False,False,False,False
671739,Michael Harris II,1,8,189,10,14.0,10.0,12.0,F,F,F,F,F,F,A,F,False,False,False,True,False,False,False,False,False,False,False,False,False,False,True,False,False
672284,Jarred Kelenic,3,6,161,8,13.0,10.0,7.0,F,F,F,F,F,D,A,A,False,False,False,False,False,False,False,False,False,False,False,False,False,False,False,False,False
672356,Gabriel Arias,1,5,134,9,4.0,6.0,7.0,F,F,B,A,C,F,F,F,False,False,False,False,False,False,False,False,False,False,False,False,False,False,False,False,False
672386,Alejandro Kirk,2,9,142,5,10.0,11.0,7.0,A,F,F,F,F,F,F,F,False,True,False,False,False,False,True,False,False,False,False,False,True,False,False,False,False
672515,Gabriel Moreno,2,9,91,8,11.0,12.0,7.0,A,F,F,F,F,F,F,F,False,False,False,False,False,False,False,False,False,False,False,False,False,False,False,False,False
672695,Geraldo Perdomo,2,8,97,8,12.0,12.0,13.0,F,F,D,D,A,F,F,F,False,True,False,False,False,False,False,False,False,False,True,False,False,False,False,False,True
673357,Luis Robert,2,8,158,9,12.0,10.0,12.0,F,F,F,F,F,F,A,F,True,False,False,True,False,False,True,False,False,False,False,False,False,False,False,False,False
673490,Ha-Seong Kim,3,8,139,9,12.0,10.0,13.0,F,F,F,C,A,F,F,F,False,False,False,False,False,True,False,False,False,False,False,False,False,False,False,False,False
673548,Seiya Suzuki,2,8,161,9,13.0,10.0,12.0,F,F,F,F,F,F,F,A,False,True,False,False,False,False,True,False,False,False,False,False,False,False,False,False,False
673962,Josh Jung,2,7,187,8,10.0,7.0,7.0,F,F,F,F,F,F,F,F,False,False,False,False,False,False,False,False,False,False,False,False,False,False,False,False,False
675656,Kevin Smith,3,6,131,8,12.0,10.0,13.0,F,F,F,A,C,F,F,F,False,False,False,False,False,False,False,False,False,False,False,False,False,False,False,False,False
676391,Ernie Clement,2,9,85,9,11.0,9.0,12.0,F,D,B,A,F,B,F,F,False,False,False,False,False,False,False,False,False,False,False,False,False,False,False,False,False
676480,Jose Barrero,3,6,95,9,13.0,10.0,12.0,F,F,F,F,A,F,F,F,False,False,False,False,False,False,False,False,False,False,False,False,False,False,False,False,False
676628,Mark Contreras,2,5,162,9,13.0,11.0,12.0,F,F,F,F,F,D,A,A,False,False,False,False,False,False,False,False,False,False,False,False,False,False,False,False,False
676632,Bligh Madris,2,7,110,9,13.0,10.0,12.0,F,B,F,F,F,C,F,A,False,False,False,False,False,False,False,False,False,False,False,False,False,False,False,False,False
676694,Jake Meyers,2,6,128,10,11.0,11.0,12.0,F,F,F,F,F,F,A,F,False,False,False,False,False,False,False,False,False,False,False,False,False,False,False,False,False
676801,Chas McCormick,2,5,160,10,11.0,9.0,12.0,F,F,F,F,F,A,A,C,False,False,False,False,False,False,True,False,False,False,False,False,False,False,True,False,False
677551,Wander Franco,2,10,148,9,10.0,10.0,12.0,F,F,F,F,A,F,F,F,False,False,False,False,False,False,True,False,False,False,False,False,False,False,False,False,False
677594,Julio Rodriguez,2,7,194,11,14.0,10.0,12.0,F,F,F,F,F,F,A,F,False,False,False,False,False,False,False,False,True,True,False,True,False,False,True,False,False
677649,Ezequiel Duran,2,6,136,10,13.0,9.0,11.0,F,F,C,A,F,F,F,F,False,False,False,False,False,False,False,False,False,False,False,False,False,False,False,False,False
677950,Alek Thomas,1,7,125,10,12.0,10.0,12.0,F,F,F,F,F,F,A,F,False,False,False,False,False,False,True,False,False,False,False,False,False,False,True,False,False
677951,Bobby Witt Jr.,3,8,163,12,12.0,10.0,13.0,F,F,F,A,A,F,F,F,False,False,False,False,False,False,True,False,False,False,False,False,False,False,True,False,False
677954,Jordan Groshans,1,10,86,7,11.0,10.0,12.0,F,F,F,A,F,F,F,F,False,False,False,False,False,False,False,False,False,False,False,False,False,False,False,False,False
678246,Miguel Vargas,4,6,108,10,4.0,9.0,7.0,F,A,F,F,F,A,F,F,False,False,False,False,False,False,False,False,False,False,False,False,False,False,False,False,False
679529,Spencer Torkelson,2,8,128,9,8.0,9.0,12.0,F,A,F,F,F,F,F,F,False,False,False,False,False,False,False,False,True,False,False,False,False,False,False,False,False
679631,Terrin Vavra,2,8,104,8,4.0,10.0,12.0,F,F,A,F,F,A,F,F,False,False,False,False,False,False,False,False,False,False,False,False,False,False,False,False,False
680700,Richard Palacios,2,9,89,9,12.0,9.0,12.0,F,F,F,F,F,A,F,F,False,False,False,False,False,False,False,False,False,False,False,False,False,False,False,False,False
680757,Steven Kwan,2,11,118,9,11.0,9.0,12.0,F,F,F,F,F,A,D,C,False,True,False,False,False,False,True,False,False,False,True,True,False,False,True,False,False
680776,Jarren Duran,2,7,141,10,12.0,9.0,11.0,F,F,F,F,F,F,A,D,False,False,False,False,False,False,False,False,False,False,False,False,False,False,False,False,False
680777,Ryan Jeffers,3,7,163,7,9.0,11.0,7.0,A,F,F,F,F,F,F,F,False,False,False,False,False,False,False,False,False,False,False,False,False,False,False,False,False
680814,Peyton Burdick,3,6,163,9,12.0,10.0,12.0,F,F,F,F,F,A,A,C,False,False,False,False,False,False,False,False,False,False,False,False,False,False,False,False,False
680911,Owen Miller,2,9,122,10,9.0,10.0,11.0,F,A,B,F,F,F,F,F,False,False,False,False,False,False,False,False,False,False,False,False,False,False,False,False,False
680977,Brendan Donovan,2,10,115,8,12.0,9.0,11.0,F,D,A,B,D,C,F,C,False,True,False,False,False,False,True,True,False,False,False,False,False,False,False,False,False
681082,Bryson Stott,2,9,132,10,11.0,5.0,11.0,F,F,A,D,A,F,F,F,False,False,False,False,False,False,True,True,False,False,False,False,False,False,True,False,False
681146,Jonah Bride,2,10,82,8,10.0,11.0,12.0,F,D,A,A,F,F,F,F,False,False,False,False,False,False,False,False,False,False,False,False,False,False,False,False,False
681481,Kerry Carpenter,2,7,199,8,12.0,8.0,12.0,F,F,F,F,F,A,F,A,False,False,False,False,False,False,False,False,False,False,False,False,False,False,False,False,False
682928,CJ Abrams,2,8,103,10,11.0,10.0,12.0,F,F,D,F,A,F,F,D,True,False,False,False,False,False,True,False,False,False,False,False,False,False,True,False,False
682985,Riley Greene,1,8,123,9,12.0,10.0,12.0,F,F,F,F,F,F,A,F,False,False,True,False,False,False,False,False,False,False,False,False,False,False,False,False,False
682998,Corbin Carroll,2,6,203,12,12.0,10.0,12.0,F,F,F,F,F,A,C,D,False,False,False,False,False,False,False,False,False,False,False,False,False,False,False,False,False
683002,Gunnar Henderson,1,7,167,10,12.0,7.0,12.0,F,F,C,A,C,F,F,F,False,False,False,False,False,False,False,False,False,False,False,False,False,False,False,False,False
683021,Michael Stefanic,1,9,76,7,4.0,10.0,12.0,F,F,A,F,F,F,F,F,False,False,False,False,False,False,False,False,False,False,False,False,False,False,False,False,False
683734,Andrew Vaughn,2,9,154,7,12.0,8.0,12.0,F,B,F,F,F,A,F,A,False,False,False,False,False,False,True,False,True,True,False,False,False,False,False,False,False
686469,Vinnie Pasquantino,2,10,151,6,7.0,9.0,12.0,F,A,F,F,F,F,F,F,False,False,False,False,False,False,False,False,False,False,False,False,False,False,False,False,False
686681,Michael Massey,3,6,138,8,9.0,10.0,12.0,F,F,A,F,F,F,F,F,False,False,False,False,False,False,False,False,False,False,False,False,False,False,False,False,False
687093,Vaughn Grissom,2,8,147,9,9.0,7.0,14.0,F,F,A,F,D,F,F,F,False,False,False,False,False,False,False,False,False,False,False,False,False,False,False,False,False
