"fielder_name","player_id","team_name","primary_position","primary_position_name","total_throws","total_throws_1b","total_throws_2b","total_throws_3b","total_throws_ss","total_throws_lf","total_throws_cf","total_throws_rf","total_throws_inf","total_throws_of","max_arm_strength","arm_1b","arm_2b","arm_3b","arm_ss","arm_lf","arm_cf","arm_rf","arm_inf","arm_of","arm_overall"
"MJ Melendez","669004","NA","2",,"119","0","0","0","0","75","0","44","0","119","95.5",,,,,"93.5",,,,"93.2","93.2"
"P.J. Higgins","664731","NA","2",,"153","142","0","11","0","0","0","0","11","0","78.2","72.3",,,,,,,,,"72.3"
"Yuli Gurriel","493329","NA","3","First Baseman","463","463","0","0","0","0","0","0","0","0","79.8","77.2",,,,,,,,,"77.2"
"Franchy Cordero","614173","NA","3","First Baseman","292","222","0","0","0","29","4","37","0","70","91.7","75.3",,,,,,,,"85","85"
"Pete Alonso","624413","NA","3","First Baseman","555","555","0","0","0","0","0","0","0","0","83.1","78",,,,,,,,,"78"
"Joey Votto","458015","NA","3","First Baseman","271","271","0","0","0","0","0","0","0","0","78","76",,,,,,,,,"76"
"Jared Walsh","665120","NA","3","First Baseman","536","536","0","0","0","0","0","0","0","0","83.2","81.6",,,,,,,,,"81.6"
"Bobby Dalbec","666915","NA","3","First Baseman","606","544","3","52","7","0","0","0","62","0","88","74.8",,,,,,,,,"74.8"
"Anthony Rizzo","519203","NA","3","First Baseman","525","525","0","0","0","0","0","0","0","0","78.6","76.8",,,,,,,,,"76.8"
"Freddie Freeman","518692","NA","3","First Baseman","869","869","0","0","0","0","0","0","0","0","86.2","80.8",,,,,,,,,"80.8"
"Alfonso Rivas","663845","NA","3","First Baseman","334","332","0","0","0","2","0","0","0","2","80.7","74.9",,,,,,,,,"74.9"
"Nick Pratto","668472","NA","3","First Baseman","223","203","0","0","0","19","0","1","0","20","88.3","80.2",,,,,,,,,"80.2"
"Yoshi Tsutsugo","660294","NA","3","First Baseman","148","148","0","0","0","0","0","0","0","0","77.8","74.8",,,,,,,,,"74.8"
"Ryan Mountcastle","663624","NA","3","First Baseman","554","554","0","0","0","0","0","0","0","0","77.3","73.4",,,,,,,,,"73.4"
"Joey Meneses","608841","NA","3","First Baseman","220","159","0","0","0","3","0","58","0","61","91","77.7",,,,,,"85.6",,"85.2","85.2"
"Christian Walker","572233","NA","3","First Baseman","581","581","0","0","0","0","0","0","0","0","77.8","75.6",,,,,,,,,"75.6"
"Donovan Solano","456781","NA","3","First Baseman","182","100","28","54","0","0","0","0","82","0","79.3","74.1",,,,,,,"78.7",,"78.7"
"Carlos Santana","467793","NA","3","First Baseman","390","390","0","0","0","0","0","0","0","0","81.1","80.4",,,,,,,,,"80.4"
"Seth Brown","664913","NA","3","First Baseman","513","286","0","0","0","80","55","92","0","227","89","75.5",,,,"84.4","83.3","81.8",,"83.3","83.3"
"Rowdy Tellez","642133","NA","3","First Baseman","702","702","0","0","0","0","0","0","0","0","77.6","73.2",,,,,,,,,"73.2"
"Lewin Díaz","650331","NA","3","First Baseman","248","248","0","0","0","0","0","0","0","0","69.9","68.6",,,,,,,,,"68.6"
"C.J. Cron","543068","NA","3","First Baseman","458","458","0","0","0","0","0","0","0","0","89.9","82.8",,,,,,,,,"82.8"
"Luis Arraez","650333","NA","3","First Baseman","474","290","164","20","0","0","0","0","184","0","86.2","75.8","81.4",,,,,,"82.7",,"82.7"
"Eric Hosmer","543333","NA","3","First Baseman","563","563","0","0","0","0","0","0","0","0","82.3","77.7",,,,,,,,,"77.7"
"Spencer Torkelson","679529","NA","3","First Baseman","509","509","0","0","0","0","0","0","0","0","79.5","74.2",,,,,,,,,"74.2"
"Ji-Man Choi","596847","NA","3","First Baseman","324","324","0","0","0","0","0","0","0","0","74.6","73.3",,,,,,,,,"73.3"
"Jesús Aguilar","542583","NA","3","First Baseman","235","232","0","3","0","0","0","0","3","0","81","73.1",,,,,,,,,"73.1"
"Jose Miranda","669304","NA","3","First Baseman","451","385","0","66","0","0","0","0","66","0","82.3","74.7",,,,,,,,,"74.7"
"Vinnie Pasquantino","686469","NA","3","First Baseman","135","135","0","0","0","0","0","0","0","0","72.9","69.3",,,,,,,,,"69.3"
"Josh Naylor","647304","NA","3","First Baseman","381","369","0","0","0","0","0","12","0","12","92","79.1",,,,,,,,,"79.1"
"Paul Goldschmidt","502671","NA","3","First Baseman","677","677","0","0","0","0","0","0","0","0","72","66.9",,,,,,,,,"66.9"
"Vladimir Guerrero Jr.","665489","NA","3","First Baseman","607","607","0","0","0","0","0","0","0","0","91.9","86.8",,,,,,,,,"86.8"
"José Abreu","547989","NA","3","First Baseman","450","450","0","0","0","0","0","0","0","0","71.4","69.6",,,,,,,,,"69.6"
"Dermis Garcia","660650","NA","3","First Baseman","134","128","0","0","0","6","0","0","0","6","92.9","71",,,,,,,,,"71"
"Rhys Hoskins","656555","NA","3","First Baseman","669","669","0","0","0","0","0","0","0","0","79.4","75.4",,,,,,,,,"75.4"
"Harold Castro","605612","NA","3","First Baseman","482","233","72","84","87","6","0","0","243","6","78.1","71.9",,"76","74.8",,,,"76.1",,"76.1"
"Michael Chavis","656308","NA","3","First Baseman","559","501","39","19","0","0","0","0","58","0","91.1","84",,,,,,,,,"84"
"Nathaniel Lowe","663993","NA","3","First Baseman","683","683","0","0","0","0","0","0","0","0","82.2","80.3",,,,,,,,,"80.3"
"Keston Hiura","669374","NA","3","First Baseman","226","167","42","0","0","17","0","0","42","17","82.4","61.4",,,,,,,,,"61.4"
"Garrett Cooper","643265","NA","3","First Baseman","306","306","0","0","0","0","0","0","0","0","78.9","76.3",,,,,,,,,"76.3"
"Frank Schwindel","643524","NA","3","First Baseman","180","180","0","0","0","0","0","0","0","0","66","65.4",,,,,,,,,"65.4"
"Darin Ruf","573131","NA","3","First Baseman","207","152","0","0","0","39","0","16","0","55","87.9","68.6",,,,,,,,"80.9","80.9"
"Owen Miller","680911","NA","3","First Baseman","408","315","89","4","0","0","0","0","93","0","77.1","69.3","75.6",,,,,,"76.2",,"76.2"
"Brandon Belt","474832","NA","3","First Baseman","279","279","0","0","0","0","0","0","0","0","73.8","72.4",,,,,,,,,"72.4"
"Josh Bell","605137","NA","3","First Baseman","495","495","0","0","0","0","0","0","0","0","72.3","68",,,,,,,,,"68"
"Ty France","664034","NA","3","First Baseman","644","621","1","22","0","0","0","0","23","0","81.4","74.6",,,,,,,,,"74.6"
"Triston Casas","671213","NA","3","First Baseman","114","114","0","0","0","0","0","0","0","0","84.7","81",,,,,,,,,"81"
"Hunter Dozier","641531","NA","3","First Baseman","389","212","0","68","0","22","0","87","68","109","88.7","78.3",,,,,,"85.6",,"85.6","85.6"
"Matt Olson","621566","NA","3","First Baseman","837","837","0","0","0","0","0","0","0","0","75.2","72.8",,,,,,,,,"72.8"
"Ketel Marte","606466","NA","4","Second Baseman","425","0","425","0","0","0","0","0","425","0","89.3",,"83.8",,,,,,"83.8",,"83.8"
"Jazz Chisholm Jr.","665862","NA","4","Second Baseman","271","0","271","0","0","0","0","0","271","0","85.9",,"81",,,,,,"81",,"81"
"Whit Merrifield","593160","NA","4","Second Baseman","504","1","343","0","0","9","57","94","343","160","88.7",,"78",,,,"81.9","85","78","84","84"
"Marcus Semien","543760","NA","4","Second Baseman","723","0","638","0","85","0","0","0","723","0","84.9",,"78.5",,"80.8",,,,"79.2",,"79.2"
"Jake Hager","606993","NA","4","Second Baseman","110","0","66","20","24","0","0","0","110","0","86.1",,,,,,,,"82.5",,"82.5"
"Brendan Donovan","680977","NA","4","Second Baseman","403","32","140","97","35","52","0","47","272","99","91.9",,"79.2","84.2",,"81.7",,,"82.9","86.9","86.9"
"Yu Chang","644374","NA","4","Second Baseman","277","39","158","13","67","0","0","0","238","0","86.4",,"79.7",,,,,,"83.2",,"83.2"
"Christian Arroyo","624414","NA","4","Second Baseman","280","25","179","22","32","0","0","22","233","22","87",,"81.5",,,,,,"83.9",,"83.9"
"Cavan Biggio","624415","NA","4","Second Baseman","330","127","180","1","0","8","0","14","181","22","91.6","72","79.8",,,,,,"79.5",,"79.5"
"Adam Frazier","624428","NA","4","Second Baseman","567","0","474","0","15","38","2","38","489","78","89.7",,"78.8",,,,,,"78.7","86.5","86.5"
"Romy Gonzalez","663853","NA","4","Second Baseman","115","0","100","0","15","0","0","0","115","0","88.6",,"87.2",,,,,,"86.4",,"86.4"
"Gavin Lux","666158","NA","4","Second Baseman","435","0","359","0","26","50","0","0","385","50","86.6",,"76.4",,,"83.1",,,"76.1","83.1","83.1"
"Josh Harrison","543281","NA","4","Second Baseman","470","0","391","78","1","0","0","0","470","0","87.2",,"78.5","77.1",,,,,"78.3",,"78.3"
"Nick Madrigal","663611","NA","4","Second Baseman","286","0","286","0","0","0","0","0","286","0","84",,"78.7",,,,,,"78.7",,"78.7"
"Jean Segura","516416","NA","4","Second Baseman","436","0","435","0","1","0","0","0","436","0","91.7",,"86.5",,,,,,"86.5",,"86.5"
"Tony Kemp","643393","NA","4","Second Baseman","530","0","333","0","0","197","0","0","333","197","88.2",,"76.6",,,"82.2",,,"76.6","82.2","82.2"
"Andrés Giménez","665926","NA","4","Second Baseman","684","0","608","0","76","0","0","0","684","0","93.3",,"83.2",,"83.6",,,,"83.5",,"83.5"
"Jose Altuve","514888","NA","4","Second Baseman","461","0","461","0","0","0","0","0","461","0","78.4",,"74.6",,,,,,"74.6",,"74.6"
"Zach McKinstry","656716","NA","4","Second Baseman","209","0","93","69","37","3","0","7","199","10","90.6",,"86.6",,,,,,"87",,"87"
"Nicky Lopez","670032","NA","4","Second Baseman","745","0","377","74","294","0","0","0","745","0","87.8",,"80.4",,"84.3",,,,"83.6",,"83.6"
"Michael Massey","686681","NA","4","Second Baseman","244","0","241","3","0","0","0","0","244","0","78.8",,"77.2",,,,,,"77.2",,"77.2"
"Jake Cronenworth","630105","NA","4","Second Baseman","585","33","514","0","38","0","0","0","552","0","87.1",,"80.2",,,,,,"80.2",,"80.2"
"Brendan Rodgers","663898","NA","4","Second Baseman","636","0","636","0","0","0","0","0","636","0","91.3",,"80.3",,,,,,"80.3",,"80.3"
"Rougned Odor","596059","NA","4","Second Baseman","529","0","525","4","0","0","0","0","529","0","88.4",,"84.8",,,,,,"85",,"85"
"Alejo Lopez","664670","NA","4","Second Baseman","109","0","83","17","0","9","0","0","100","9","85",,"79.1",,,,,,"80.4",,"80.4"
"Robinson Canó","429664","NA","4","Second Baseman","83","0","83","0","0","0","0","0","83","0","80.1",,"76.3",,,,,,"76.3",,"76.3"
"César Hernández","514917","NA","4","Second Baseman","584","0","527","25","0","32","0","0","552","32","83",,"74.1",,,,,,"75.6",,"75.6"
"Chris Owings","572008","NA","4","Second Baseman","78","0","39","3","33","3","0","0","75","3","85.9",,,,,,,,"83.7",,"83.7"
"Santiago Espinal","669289","NA","4","Second Baseman","556","0","499","33","24","0","0","0","556","0","87.4",,"79",,,,,,"79.9",,"79.9"
"Buddy Kennedy","671083","NA","4","Second Baseman","122","0","116","6","0","0","0","0","122","0","84.9",,"80.2",,,,,,"79.3",,"79.3"
"Jonathan Schoop","570731","NA","4","Second Baseman","621","7","614","0","0","0","0","0","614","0","87.6",,"83.4",,,,,,"83.4",,"83.4"
"Luis Rengifo","650859","NA","4","Second Baseman","484","0","339","100","45","0","0","0","484","0","88.5",,"80.3","86.4",,,,,"85.2",,"85.2"
"Luis Guillorme","641645","NA","4","Second Baseman","383","0","281","71","31","0","0","0","383","0","86.8",,"79.9",,,,,,"80.3",,"80.3"
"Josh VanMeter","642165","NA","4","Second Baseman","229","67","154","8","0","0","0","0","162","0","82.4",,"75.9",,,,,,"77.9",,"77.9"
"Jeff McNeil","643446","NA","4","Second Baseman","561","0","449","0","0","87","0","25","449","112","90.9",,"80.4",,,"85.4",,,"80.4","86.1","86.1"
"Jonathan Villar","542340","NA","4","Second Baseman","212","0","122","79","11","0","0","0","212","0","89.2",,"81.6","85",,,,,"84.8",,"84.8"
"Tyler Wade","642180","NA","4","Second Baseman","224","0","106","37","53","7","5","16","196","28","90.9",,"75.2",,,,,,"80.7",,"80.7"
"Jonathan India","663697","NA","4","Second Baseman","298","0","298","0","0","0","0","0","298","0","84.8",,"80.8",,,,,,"80.8",,"80.8"
"Trevor Story","596115","NA","4","Second Baseman","426","0","426","0","0","0","0","0","426","0","79.5",,"76",,,,,,"76",,"76"
"Ozzie Albies","645277","NA","4","Second Baseman","198","0","198","0","0","0","0","0","198","0","78.3",,"75.2",,,,,,"75.2",,"75.2"
"Gleyber Torres","650402","NA","4","Second Baseman","548","0","537","0","11","0","0","0","548","0","84.5",,"79.8",,,,,,"79.7",,"79.7"
"Orlando Arcia","606115","NA","4","Second Baseman","253","0","230","12","1","10","0","0","243","10","90.3",,"82.1",,,,,,"83.2",,"83.2"
"Vidal Bruján","660644","NA","4","Second Baseman","179","0","123","2","24","0","0","30","149","30","92.5",,"81.2",,,,,,"84.1",,"84.1"
"Thairo Estrada","642731","NA","4","Second Baseman","652","0","456","4","169","23","0","0","629","23","83.8",,"75.4",,"80.6",,,,"78.2",,"78.2"
"Nolan Gorman","669357","NA","4","Second Baseman","369","0","369","0","0","0","0","0","369","0","87.7",,"80.2",,,,,,"80.2",,"80.2"
"Rodolfo Castro","666801","NA","4","Second Baseman","307","0","144","85","78","0","0","0","307","0","91.5",,"84.1","89.8","90.1",,,,"88.9",,"88.9"
"Abraham Toro","647351","NA","4","Second Baseman","366","4","234","128","0","0","0","0","362","0","87.5",,"80.8","84.3",,,,,"82.7",,"82.7"
"Jonah Bride","681146","NA","4","Second Baseman","204","17","125","62","0","0","0","0","187","0","81.8",,"77.2",,,,,,"79.3",,"79.3"
"Wilmer Flores","527038","NA","4","Second Baseman","477","128","231","118","0","0","0","0","349","0","87","74.3","78.7","81.6",,,,,"80.4",,"80.4"
"Matt Reynolds","608703","NA","4","Second Baseman","343","48","146","19","108","2","0","20","273","22","86.6",,"79.3",,"84.9",,,,"83.7",,"83.7"
"Yolmer Sánchez","570560","NA","4","Second Baseman","78","0","75","2","1","0","0","0","78","0","84.1",,"81.6",,,,,,"81.7",,"81.7"
"Kolten Wong","543939","NA","4","Second Baseman","559","0","557","0","2","0","0","0","559","0","79.4",,"72.7",,,,,,"72.7",,"72.7"
"Jorge Polanco","593871","NA","4","Second Baseman","518","0","499","0","19","0","0","0","518","0","87.5",,"79.6",,,,,,"79.7",,"79.7"
"Jon Berti","542932","NA","4","Second Baseman","377","0","198","111","24","39","5","0","333","44","85",,"77.5","78.8",,,,,"78.3",,"78.3"
"Leury Garcia","544725","NA","4","Second Baseman","343","0","198","12","79","13","12","29","289","54","90.9",,"80.8",,"81.4",,,,"82.5","86.7","86.7"
"Kevin Newman","621028","NA","4","Second Baseman","386","0","223","0","163","0","0","0","386","0","82.5",,"76.6",,"80.9",,,,"79.7",,"79.7"
"Brandon Lowe","664040","NA","4","Second Baseman","233","0","232","0","0","0","0","1","232","1","83.6",,"80.5",,,,,,"80.5",,"80.5"
"Hanser Alberto","593643","NA","4","Second Baseman","178","4","107","55","11","0","0","1","173","1","81.9",,"77.7",,,,,,"78.3",,"78.3"
"Charles Leblanc","641779","NA","4","Second Baseman","162","8","106","48","0","0","0","0","154","0","83.6",,"75.9",,,,,,"80.2",,"80.2"
"Vaughn Grissom","687093","NA","4","Second Baseman","183","0","175","0","8","0","0","0","183","0","80",,"77.1",,,,,,"77.2",,"77.2"
"David Fletcher","664058","NA","4","Second Baseman","314","0","178","0","136","0","0","0","314","0","85.1",,"74.8",,"79.2",,,,"78.6",,"78.6"
"Emmanuel Rivera","656896","NA","5","Third Baseman","281","10","0","271","0","0","0","0","271","0","91",,,"87",,,,,"87",,"87"
"Nate Eaton","681987","NA","5","Third Baseman","113","0","0","38","0","15","16","44","38","75","103.3",,,,,,,,,"98.1","98.1"
"Josh H. Smith","669701","NA","5","Third Baseman","205","0","6","106","26","67","0","0","138","67","95.4",,,"83.6",,"87.3",,,"83.4","87.3","87.3"
"Eugenio Suárez","553993","NA","5","Third Baseman","572","0","0","572","0","0","0","0","572","0","87.8",,,"84.5",,,,,"84.5",,"84.5"
"Maikel Franco","596748","NA","5","Third Baseman","362","9","0","353","0","0","0","0","353","0","88.8",,,"83",,,,,"83",,"83"
"Josh Rojas","668942","NA","5","Third Baseman","455","0","118","337","0","0","0","0","455","0","91.4",,"81.9","87",,,,,"86.5",,"86.5"
"Ezequiel Duran","677649","NA","5","Third Baseman","198","0","27","171","0","0","0","0","198","0","93.3",,,"90.4",,,,,"90.2",,"90.2"
"DJ LeMahieu","518934","NA","5","Third Baseman","441","107","163","171","0","0","0","0","334","0","84.2","71.2","78.8","80.9",,,,,"80.8",,"80.8"
"Ryan Kreidler","668952","NA","5","Third Baseman","120","0","10","42","68","0","0","0","120","0","89.6",,,,,,,,"85.6",,"85.6"
"Matt Duffy","622110","NA","5","Third Baseman","226","48","42","136","0","0","0","0","178","0","82.8",,,"81.4",,,,,"81.5",,"81.5"
"Justin Turner","457759","NA","5","Third Baseman","282","0","0","282","0","0","0","0","282","0","83.6",,,"81.8",,,,,"81.8",,"81.8"
"Austin Riley","663586","NA","5","Third Baseman","668","7","0","661","0","0","0","0","661","0","87.4",,,"83.7",,,,,"83.7",,"83.7"
"Jeimer Candelario","600869","NA","5","Third Baseman","365","0","0","365","0","0","0","0","365","0","84.3",,,"80.9",,,,,"80.9",,"80.9"
"Ernie Clement","676391","NA","5","Third Baseman","177","5","44","93","7","28","0","0","144","28","86.3",,,"83.2",,,,,"82.6",,"82.6"
"Ehire Adrianza","501303","NA","5","Third Baseman","98","0","28","49","7","14","0","0","84","14","91.4",,,,,,,,"84.9",,"84.9"
"Nolan Arenado","571448","NA","5","Third Baseman","461","0","0","461","0","0","0","0","461","0","89.2",,,"85",,,,,"85",,"85"
"Tyler Freeman","671289","NA","5","Third Baseman","81","0","15","34","32","0","0","0","81","0","84.2",,,,,,,,"82.9",,"82.9"
"Ryan McMahon","641857","NA","5","Third Baseman","513","0","51","462","0","0","0","0","513","0","94.3",,,"85.5",,,,,"85.8",,"85.8"
"Jordan Groshans","677954","NA","5","Third Baseman","76","0","0","76","0","0","0","0","76","0","86.2",,,"84.8",,,,,"84.8",,"84.8"
"Max Muncy","571970","NA","5","Third Baseman","453","5","118","330","0","0","0","0","448","0","88.8",,"79.2","81.2",,,,,"81.1",,"81.1"
"Alex Bregman","608324","NA","5","Third Baseman","569","0","0","569","0","0","0","0","569","0","84.1",,,"81.4",,,,,"81.4",,"81.4"
"José Ramírez","608070","NA","5","Third Baseman","444","0","0","444","0","0","0","0","444","0","84.5",,,"80.9",,,,,"80.9",,"80.9"
"Kevin Smith","675656","NA","5","Third Baseman","193","0","0","158","35","0","0","0","193","0","91.3",,,"86.8",,,,,"86.2",,"86.2"
"Jace Peterson","607054","NA","5","Third Baseman","262","20","3","199","0","6","0","34","202","40","92.6",,,"86.7",,,,,"86.5",,"86.5"
"Ke'Bryan Hayes","663647","NA","5","Third Baseman","538","0","0","534","4","0","0","0","538","0","85.8",,,"82",,,,,"82",,"82"
"Rafael Devers","646240","NA","5","Third Baseman","443","0","0","443","0","0","0","0","443","0","89.3",,,"85.2",,,,,"85.2",,"85.2"
"Ildemaro Vargas","545121","NA","5","Third Baseman","259","0","12","173","74","0","0","0","259","0","86.4",,,"82.6",,,,,"82.5",,"82.5"
"David Villar","681584","NA","5","Third Baseman","157","21","29","107","0","0","0","0","136","0","83.9",,,"82.9",,,,,"82.8",,"82.8"
"Gio Urshela","570482","NA","5","Third Baseman","382","0","0","379","3","0","0","0","382","0","87.7",,,"82.5",,,,,"82.4",,"82.4"
"Sheldon Neuse","641914","NA","5","Third Baseman","323","57","88","166","12","0","0","0","266","0","90.1",,"82.4","86.4",,,,,"85.9",,"85.9"
"Evan Longoria","446334","NA","5","Third Baseman","223","0","0","223","0","0","0","0","223","0","76.6",,,"74.9",,,,,"74.9",,"74.9"
"Manny Machado","592518","NA","5","Third Baseman","398","0","0","398","0","0","0","0","398","0","92.4",,,"86.4",,,,,"86.4",,"86.4"
"Eduardo Escobar","500871","NA","5","Third Baseman","492","0","2","490","0","0","0","0","492","0","90.2",,,"84.9",,,,,"84.9",,"84.9"
"Brandon Drury","592273","NA","5","Third Baseman","346","93","100","152","1","0","0","0","253","0","82.5",,"78.1","79.4",,,,,"79.2",,"79.2"
"Isaac Paredes","670623","NA","5","Third Baseman","389","81","156","150","2","0","0","0","308","0","88.6",,"80.6","83.1",,,,,"82.7",,"82.7"
"David Bote","623520","NA","5","Third Baseman","118","11","51","56","0","0","0","0","107","0","83.4",,,,,,,,"81.6",,"81.6"
"Sergio Alcántara","642727","NA","5","Third Baseman","282","0","69","133","80","0","0","0","282","0","94.1",,,"93.1","91.4",,,,"92.6",,"92.6"
"Vimael Machín","605353","NA","5","Third Baseman","256","0","0","255","1","0","0","0","256","0","82.8",,,"79.9",,,,,"79.9",,"79.9"
"Josh Jung","673962","NA","5","Third Baseman","92","0","0","92","0","0","0","0","92","0","84",,,"82",,,,,"82",,"82"
"Matt Chapman","656305","NA","5","Third Baseman","553","0","0","553","0","0","0","0","553","0","89.5",,,"87.3",,,,,"87.3",,"87.3"
"Alec Bohm","664761","NA","5","Third Baseman","528","25","0","503","0","0","0","0","503","0","83.8",,,"81.9",,,,,"81.9",,"81.9"
"Charlie Culberson","518586","NA","5","Third Baseman","121","1","34","64","0","22","0","0","98","22","89",,,,,,,,"86.9",,"86.9"
"Kody Clemens","665019","NA","5","Third Baseman","133","31","50","38","0","14","0","0","88","14","82.1",,,,,,,,"80.1",,"80.1"
"Jason Vosler","613564","NA","5","Third Baseman","148","4","3","129","5","6","0","1","137","7","80.4",,,"78.8",,,,,"78.8",,"78.8"
"Brian Anderson","605119","NA","5","Third Baseman","329","0","0","193","0","20","0","116","193","136","97.7",,,"88.9",,,,"96.1","88.9","95.9","95.9"
"Yoán Moncada","660162","NA","5","Third Baseman","358","0","0","358","0","0","0","0","358","0","89",,,"85.3",,,,,"85.3",,"85.3"
"Anthony Rendon","543685","NA","5","Third Baseman","173","0","0","173","0","0","0","0","173","0","84.8",,,"82",,,,,"82",,"82"
"Jake Burger","669394","NA","5","Third Baseman","146","0","2","144","0","0","0","0","146","0","87.4",,,"85.8",,,,,"85.8",,"85.8"
"Josh Donaldson","518626","NA","5","Third Baseman","402","0","0","402","0","0","0","0","402","0","88.4",,,"84.1",,,,,"84.1",,"84.1"
"Andy Ibáñez","628451","NA","5","Third Baseman","134","22","4","108","0","0","0","0","112","0","79.4",,,"75.7",,,,,"75.7",,"75.7"
"Tyler Nevin","663527","NA","5","Third Baseman","148","34","0","102","0","10","0","2","102","12","93.3",,,"80.8",,,,,"80.8",,"80.8"
"Patrick Wisdom","621550","NA","5","Third Baseman","436","52","0","356","0","9","4","15","356","28","98",,,"87.9",,,,,"87.9",,"87.9"
"Luis Urías","649966","NA","5","Third Baseman","386","0","120","178","88","0","0","0","386","0","85.1",,"80.4","82.2","81.3",,,,"81.8",,"81.8"
"Ramón Urías","602104","NA","5","Third Baseman","356","0","77","264","15","0","0","0","356","0","87.3",,"80.1","81.5",,,,,"82",,"82"
"Mike Brosseau","670712","NA","5","Third Baseman","126","10","0","102","14","0","0","0","116","0","82.8",,,"81.7",,,,,"81.7",,"81.7"
"Gunnar Henderson","683002","NA","5","Third Baseman","101","0","14","51","36","0","0","0","101","0","90.1",,,,,,,,"88.4",,"88.4"
"Yandy Díaz","650490","NA","5","Third Baseman","325","61","0","264","0","0","0","0","264","0","82.2",,,"78.7",,,,,"78.7",,"78.7"
"Joey Wendle","621563","NA","5","Third Baseman","410","0","117","141","152","0","0","0","410","0","84.6",,"79.8","81.9","81.2",,,,"81.6",,"81.6"
"Edmundo Sosa","624641","NA","6","Shortstop","209","0","1","65","141","2","0","0","207","2","87",,,,"84",,,,"84.5",,"84.5"
"Marwin Gonzalez","503556","NA","6","Shortstop","186","38","2","40","54","30","0","22","96","52","93.6",,,,,,,,"82.6","90","90"
"Miguel Rojas","500743","NA","6","Shortstop","777","21","0","0","756","0","0","0","756","0","90.1",,,,"84.3",,,,"84.3",,"84.3"
"Kyle Farmer","571657","NA","6","Shortstop","571","0","0","119","452","0","0","0","571","0","87.5",,,"77","80.9",,,,"80.3",,"80.3"
"Xander Bogaerts","593428","NA","6","Shortstop","658","0","0","0","658","0","0","0","658","0","86.6",,,,"82.1",,,,"82.1",,"82.1"
"Elvis Andrus","462101","NA","6","Shortstop","693","0","0","0","693","0","0","0","693","0","89.9",,,,"81.5",,,,"81.5",,"81.5"
"Tim Anderson","641313","NA","6","Shortstop","396","0","0","0","396","0","0","0","396","0","87.2",,,,"83.7",,,,"83.7",,"83.7"
"Taylor Walls","670764","NA","6","Shortstop","626","0","112","73","441","0","0","0","626","0","93.8",,"81.4",,"86.4",,,,"85.9",,"85.9"
"Luis García","671277","NA","6","Shortstop","320","0","123","0","197","0","0","0","320","0","85.4",,"80.8",,"81.5",,,,"81.6",,"81.6"
"Francisco Lindor","596019","NA","6","Shortstop","780","0","0","0","780","0","0","0","780","0","87.1",,,,"83.4",,,,"83.4",,"83.4"
"Tommy Edman","669242","NA","6","Shortstop","904","0","444","13","446","0","1","0","903","1","87.4",,"77.9",,"81.1",,,,"80.2",,"80.2"
"Bobby Witt Jr.","677951","NA","6","Shortstop","619","0","0","139","480","0","0","0","619","0","94.6",,,"90.2","87.4",,,,"88.4",,"88.4"
"Isiah Kiner-Falefa","643396","NA","6","Shortstop","728","0","0","15","713","0","0","0","728","0","86",,,,"81.1",,,,"81.1",,"81.1"
"Danny Mendick","664901","NA","6","Shortstop","133","0","21","7","104","1","0","0","132","1","79.5",,,,"76.2",,,,"76",,"76"
"Bo Bichette","666182","NA","6","Shortstop","748","0","0","0","748","0","0","0","748","0","91",,,,"84.8",,,,"84.8",,"84.8"
"Jeremy Peña","665161","NA","6","Shortstop","498","0","0","0","498","0","0","0","498","0","88.9",,,,"84.3",,,,"84.3",,"84.3"
"Johan Camargo","622666","NA","6","Shortstop","185","7","22","57","99","0","0","0","178","0","91.2",,,,"88.9",,,,"89.6",,"89.6"
"Brandon Crawford","543063","NA","6","Shortstop","708","0","0","0","708","0","0","0","708","0","92.8",,,,"85",,,,"85",,"85"
"Alan Trejo","676701","NA","6","Shortstop","185","0","65","5","115","0","0","0","185","0","90",,,,"85.5",,,,"85.1",,"85.1"
"Jermaine Palacios","650339","NA","6","Shortstop","103","0","34","0","69","0","0","0","103","0","88.5",,,,,,,,"84",,"84"
"Andrew Velazquez","623205","NA","6","Shortstop","495","0","0","0","495","0","0","0","495","0","85.1",,,,"83.3",,,,"83.3",,"83.3"
"Andrelton Simmons","592743","NA","6","Shortstop","84","0","32","0","52","0","0","0","84","0","80.4",,,,,,,,"78.2",,"78.2"
"Corey Seager","608369","NA","6","Shortstop","746","0","0","0","746","0","0","0","746","0","92",,,,"81.9",,,,"81.9",,"81.9"
"Didi Gregorius","544369","NA","6","Shortstop","233","0","0","0","233","0","0","0","233","0","94.7",,,,"88.9",,,,"88.9",,"88.9"
"Bryson Stott","681082","NA","6","Shortstop","539","0","176","13","350","0","0","0","539","0","88.4",,"86.1",,"85.1",,,,"85.4",,"85.4"
"José Iglesias","578428","NA","6","Shortstop","615","0","0","0","615","0","0","0","615","0","92",,,,"83",,,,"83",,"83"
"Jose Barrero","676480","NA","6","Shortstop","214","0","0","0","214","0","0","0","214","0","93",,,,"89.6",,,,"89.6",,"89.6"
"Amed Rosario","642708","NA","6","Shortstop","663","0","0","0","653","10","0","0","653","10","90.8",,,,"85.2",,,,"85.2",,"85.2"
"Paul DeJong","657557","NA","6","Shortstop","407","0","8","0","399","0","0","0","407","0","85.1",,,,"81",,,,"81",,"81"
"Livan Soto","670869","NA","6","Shortstop","77","0","0","5","72","0","0","0","77","0","86.8",,,,,,,,"84.8",,"84.8"
"Willy Adames","642715","NA","6","Shortstop","586","0","0","0","586","0","0","0","586","0","94.6",,,,"89.9",,,,"89.9",,"89.9"
"Diego Castillo","660636","NA","6","Shortstop","352","13","123","5","155","0","0","56","283","56","92.1",,"76.9",,"85",,,"88.3","83.5","88.3","88.3"
"Javier Báez","595879","NA","6","Shortstop","671","0","0","0","671","0","0","0","671","0","91.4",,,,"88.7",,,,"88.7",,"88.7"
"Jorge Mateo","622761","NA","6","Shortstop","680","0","0","0","680","0","0","0","680","0","91.9",,,,"86.9",,,,"86.9",,"86.9"
"Wander Franco","677551","NA","6","Shortstop","337","0","0","0","337","0","0","0","337","0","84.6",,,,"82",,,,"82",,"82"
"CJ Abrams","682928","NA","6","Shortstop","430","0","33","0","393","0","0","4","426","4","90.7",,,,"85.6",,,,"85.3",,"85.3"
"Geraldo Perdomo","672695","NA","6","Shortstop","813","0","12","27","774","0","0","0","813","0","96.7",,,,"86.7",,,,"86.6",,"86.6"
"Nick Ahmed","605113","NA","6","Shortstop","106","0","0","0","106","0","0","0","106","0","90.2",,,,"83.2",,,,"83.2",,"83.2"
"Donovan Walton","622268","NA","6","Shortstop","134","0","56","0","78","0","0","0","134","0","80.6",,,,"79.1",,,,"78.3",,"78.3"
"Alcides Escobar","444876","NA","6","Shortstop","194","0","1","0","193","0","0","0","194","0","85.1",,,,"82.5",,,,"82.5",,"82.5"
"J.P. Crawford","641487","NA","6","Shortstop","597","0","0","0","597","0","0","0","597","0","87.9",,,,"83.3",,,,"83.3",,"83.3"
"Ha-Seong Kim","673490","NA","6","Shortstop","619","0","0","69","550","0","0","0","619","0","95.2",,,,"87",,,,"87.2",,"87.2"
"Nick Allen","669397","NA","6","Shortstop","508","0","167","0","341","0","0","0","508","0","90.5",,"81.5",,"85.9",,,,"85.5",,"85.5"
"Dansby Swanson","621020","NA","6","Shortstop","730","0","0","0","730","0","0","0","730","0","87",,,,"79.2",,,,"79.2",,"79.2"
"Trea Turner","607208","NA","6","Shortstop","647","0","0","0","647","0","0","0","647","0","87.2",,,,"83.7",,,,"83.7",,"83.7"
"Oneil Cruz","665833","NA","6","Shortstop","366","0","0","0","366","0","0","0","366","0","97.9",,,,"93.9",,,,"93.9",,"93.9"
"Nico Hoerner","663538","NA","6","Shortstop","667","0","0","0","667","0","0","0","667","0","90.3",,,,"85.3",,,,"85.3",,"85.3"
"Carlos Correa","621043","NA","6","Shortstop","622","0","0","0","622","0","0","0","622","0","95",,,,"88",,,,"88",,"88"
"Adalberto Mondesi","609275","NA","6","Shortstop","77","0","0","0","77","0","0","0","77","0","87.8",,,,"86.9",,,,"86.9",,"86.9"
"Miguel Andújar","609280","NA","7","Left Fielder","50","0","0","0","0","50","0","0","0","50","93.2",,,,,"90.4",,,,"90.4","90.4"
"Cooper Hummel","669450","NA","7","Left Fielder","61","0","0","0","0","61","0","0","0","61","94.8",,,,,"92.3",,,,"92.3","92.3"
"Tucupita Marcano","672779","NA","7","Left Fielder","169","0","81","0","2","86","0","0","83","86","89.4",,"80.7",,,"87.2",,,"80.7","87.2","87.2"
"Alex Kirilloff","666135","NA","7","Left Fielder","132","72","0","0","0","53","0","7","0","60","90.8",,,,,"86.5",,,,"86.7","86.7"
"Austin Hays","669720","NA","7","Left Fielder","443","0","0","0","0","277","8","158","0","443","100.6",,,,,"91.8",,"91.7",,"91.8","91.8"
"Robbie Grossman","543257","NA","7","Left Fielder","340","0","0","0","0","200","0","140","0","340","91.1",,,,,"83.9",,"87.2",,"85.7","85.7"
"Stuart Fairchild","656413","NA","7","Left Fielder","74","0","0","0","0","40","32","2","0","74","92.5",,,,,,,,,"87.6","87.6"
"Juan Yepez","660766","NA","7","Left Fielder","144","43","0","12","0","54","0","35","12","89","93.5",,,,,"89.5",,,,"90","90"
"Tommy Pham","502054","NA","7","Left Fielder","388","0","0","0","0","388","0","0","0","388","93.5",,,,,"88.4",,,,"88.4","88.4"
"Trayce Thompson","572204","NA","7","Left Fielder","162","0","0","0","0","74","40","48","0","162","86.6",,,,,"77",,,,"80.1","80.1"
"Kyle Schwarber","656941","NA","7","Left Fielder","381","0","0","0","0","381","0","0","0","381","88.7",,,,,"82",,,,"82","82"
"Alex Call","669743","NA","7","Left Fielder","95","0","0","0","0","76","13","6","0","95","93.7",,,,,"87.9",,,,"86.7","86.7"
"Jake Fraley","641584","NA","7","Left Fielder","133","0","0","0","0","66","21","46","0","133","92.1",,,,,"88.9",,,,"87.9","87.9"
"Kris Bryant","592178","NA","7","Left Fielder","97","0","0","0","0","97","0","0","0","97","92.9",,,,,"88.7",,,,"88.7","88.7"
"TJ Friedl","670770","NA","7","Left Fielder","182","0","0","0","0","65","85","32","0","182","91.3",,,,,"83.4","86.5",,,"85.4","85.4"
"Steven Kwan","680757","NA","7","Left Fielder","414","0","0","0","0","354","11","49","0","414","92.7",,,,,"84.7",,,,"85.7","85.7"
"Brad Miller","543543","NA","7","Left Fielder","130","0","0","55","0","72","0","3","55","75","86.3",,,,,"80.3",,,,"80.9","80.9"
"Eddie Rosario","592696","NA","7","Left Fielder","180","0","0","0","0","135","0","45","0","180","92.9",,,,,"85.1",,,,"85.8","85.8"
"Greg Allen","656185","NA","7","Left Fielder","111","0","0","0","0","54","36","21","0","111","92.8",,,,,"81.8",,,,"83.7","83.7"
"Akil Baddoo","668731","NA","7","Left Fielder","204","0","0","0","0","155","49","0","0","204","88.1",,,,,"85",,,,"84.3","84.3"
"Mark Canha","592192","NA","7","Left Fielder","359","1","0","5","0","313","21","19","5","353","88.2",,,,,"82.5",,,,"82.3","82.3"
"Trevor Larnach","663616","NA","7","Left Fielder","120","0","0","0","0","91","0","29","0","120","94.3",,,,,"87.3",,,,"86.6","86.6"
"Jo Adell","666176","NA","7","Left Fielder","227","0","0","0","0","170","0","57","0","227","92.8",,,,,"88.6",,"90.4",,"89.4","89.4"
"Jurickson Profar","595777","NA","7","Left Fielder","371","0","0","0","0","371","0","0","0","371","94.2",,,,,"86.9",,,,"86.9","86.9"
"David Peralta","444482","NA","7","Left Fielder","372","0","0","0","0","372","0","0","0","372","87.6",,,,,"79.9",,,,"79.9","79.9"
"Randy Arozarena","668227","NA","7","Left Fielder","354","0","0","0","0","299","0","55","0","354","92.1",,,,,"83",,"88.2",,"84.1","84.1"
"Nick Solak","669256","NA","7","Left Fielder","51","0","0","0","0","51","0","0","0","51","83",,,,,"81.4",,,,"81.4","81.4"
"Jack Suwinski","669261","NA","7","Left Fielder","310","0","0","0","0","157","48","105","0","310","95.4",,,,,"86.9",,"88.7",,"88.4","88.4"
"Joey Gallo","608336","NA","7","Left Fielder","243","0","0","0","0","169","3","71","0","243","98.4",,,,,"91.7",,"90.1",,"91.4","91.4"
"Aledmys Díaz","649557","NA","7","Left Fielder","213","20","49","22","74","47","0","1","145","48","93.1",,,,,,,,"86.9",,"86.9"
"Brandon Marsh","669016","NA","7","Left Fielder","397","0","0","0","0","230","162","5","0","397","94.5",,,,,"86.7","89.1",,,"88","88"
"Luke Williams","663897","NA","7","Left Fielder","166","1","59","39","0","67","0","0","98","67","89.6",,,,,"84.9",,,"83","84.9","84.9"
"Lourdes Gurriel Jr.","666971","NA","7","Left Fielder","324","18","0","0","0","306","0","0","0","306","94.9",,,,,"88.4",,,,"88.4","88.4"
"Jerar Encarnacion","666464","NA","7","Left Fielder","61","0","0","0","0","27","0","34","0","61","95.6",,,,,,,,,"90.4","90.4"
"Nick Gordon","624503","NA","7","Left Fielder","403","0","129","2","35","138","99","0","166","237","93",,"83.5",,,"85.5","86.1",,"84.5","85.7","85.7"
"Sean Bouchard","656248","NA","7","Left Fielder","83","0","0","0","0","83","0","0","0","83","88.5",,,,,"82.9",,,,"82.9","82.9"
"Jesse Winker","608385","NA","7","Left Fielder","324","0","0","0","0","324","0","0","0","324","90.2",,,,,"84.2",,,,"84.2","84.2"
"Kyle Stowers","669065","NA","7","Left Fielder","73","0","0","0","0","31","0","42","0","73","96",,,,,,,,,"88.8","88.8"
"AJ Pollock","572041","NA","7","Left Fielder","341","0","0","0","0","217","99","25","0","341","94.1",,,,,"89.1","88.3",,,"89.1","89.1"
"Tyler O'Neill","641933","NA","7","Left Fielder","254","0","0","0","0","202","52","0","0","254","97",,,,,"86.2","90.1",,,"87.4","87.4"
"Corey Dickerson","572816","NA","7","Left Fielder","166","0","0","0","0","157","0","9","0","166","82.3",,,,,"75.9",,,,"76.6","76.6"
"Andrew Benintendi","643217","NA","7","Left Fielder","322","0","0","0","0","322","0","0","0","322","91.5",,,,,"85.1",,,,"85.1","85.1"
"Sam Hilliard","656541","NA","7","Left Fielder","178","0","0","0","0","142","35","1","0","178","95.7",,,,,"91.6",,,,"91.4","91.4"
"Bubba Thompson","669352","NA","7","Left Fielder","141","0","0","0","0","92","27","22","0","141","90.5",,,,,"84.4",,,,"83.9","83.9"
"Raimel Tapia","606132","NA","7","Left Fielder","285","0","0","0","0","127","86","72","0","285","98.2",,,,,"88","88.1","91.8",,"89.7","89.7"
"Alex Verdugo","657077","NA","7","Left Fielder","419","0","0","0","0","286","0","133","0","419","98.9",,,,,"89.2",,"87.3",,"88.7","88.7"
"Kyle Garlick","664247","NA","7","Left Fielder","93","0","0","0","0","54","0","39","0","93","88.7",,,,,"76",,,,"82.3","82.3"
"Ben Gamel","592325","NA","7","Left Fielder","310","25","0","0","0","184","1","100","0","285","92",,,,,"85.9",,"84.4",,"85.4","85.4"
"Jake Cave","595909","NA","7","Left Fielder","140","0","0","0","0","111","5","24","0","140","93.2",,,,,"89.1",,,,"89.1","89.1"
"Connor Joe","656582","NA","7","Left Fielder","315","91","0","0","0","159","0","65","0","224","99.3",,,,,"91",,"89",,"90.6","90.6"
"Jorge Soler","624585","NA","7","Left Fielder","158","0","0","0","0","158","0","0","0","158","89.3",,,,,"85.3",,,,"85.3","85.3"
"Chad Pinder","640461","NA","7","Left Fielder","273","13","0","12","0","185","0","63","12","248","91.3",,,,,"85.9",,"86.5",,"86.1","86.1"
"Andrew Vaughn","683734","NA","7","Left Fielder","260","55","1","0","0","97","0","107","1","204","94.9",,,,,"87.7",,"89.7",,"88.8","88.8"
"Ian Happ","664023","NA","7","Left Fielder","444","0","0","0","0","442","2","0","0","444","91.9",,,,,"84.8",,,,"84.8","84.8"
"Yadiel Hernandez","628450","NA","7","Left Fielder","208","0","0","0","0","208","0","0","0","208","87.1",,,,,"82.6",,,,"82.6","82.6"
"Chris Taylor","621035","NA","7","Left Fielder","331","0","93","1","0","206","22","9","94","237","96.3",,"77",,,"86",,,"77","86.8","86.8"
"Joc Pederson","592626","NA","7","Left Fielder","258","0","0","0","0","234","0","24","0","258","89",,,,,"84",,,,"84.3","84.3"
"Christian Yelich","592885","NA","7","Left Fielder","272","0","0","0","0","272","0","0","0","272","88.1",,,,,"81.7",,,,"81.7","81.7"
"Corbin Carroll","682998","NA","7","Left Fielder","63","0","0","0","0","48","11","4","0","63","89.9",,,,,,,,,"86.9","86.9"
"Richie Palacios","680700","NA","7","Left Fielder","72","0","4","0","0","68","0","0","4","68","91.4",,,,,"86.5",,,,"86.5","86.5"
"Christopher Morel","666624","NA","8","Center Fielder","356","0","95","54","51","1","155","0","200","156","102.3",,"90.4",,,,"96.1",,"92.2","96.1","96.1"
"Lorenzo Cain","456715","NA","8","Center Fielder","116","0","0","0","0","0","116","0","0","116","90.2",,,,,,"83.7",,,"83.7","83.7"
"Odúbel Herrera","546318","NA","8","Center Fielder","152","0","0","0","0","6","138","8","0","152","88.5",,,,,,"84",,,"84","84"
"Nelson Velázquez","676369","NA","8","Center Fielder","156","0","0","0","0","28","68","60","0","156","94.9",,,,,,"91","91.9",,"91.5","91.5"
"Adam Engel","641553","NA","8","Center Fielder","242","0","0","0","0","4","139","99","0","242","92.8",,,,,,"82.6","83.7",,"83.3","83.3"
"Mark Contreras","676628","NA","8","Center Fielder","58","0","0","0","0","4","37","17","0","58","94.9",,,,,,,,,"91.4","91.4"
"Jarred Kelenic","672284","NA","8","Center Fielder","144","0","0","0","0","3","77","64","0","144","93.7",,,,,,"89.8","92.2",,"90.9","90.9"
"Matt Vierling","663837","NA","8","Center Fielder","275","0","10","22","0","64","127","52","32","243","95.2",,,,,"87.5","89.5","89.4",,"89.5","89.5"
"Michael A. Taylor","572191","NA","8","Center Fielder","381","0","0","0","0","0","381","0","0","381","102.4",,,,,,"92",,,"92","92"
"JJ Bleday","668709","NA","8","Center Fielder","173","0","0","0","0","53","116","4","0","173","94.6",,,,,"88.5","89.2",,,"89.1","89.1"
"Nick Senzel","669222","NA","8","Center Fielder","284","0","3","5","0","0","276","0","8","276","96.1",,,,,,"86.7",,,"86.7","86.7"
"Jose Siri","642350","NA","8","Center Fielder","237","0","0","0","0","5","225","7","0","237","97.8",,,,,,"93.3",,,"93.3","93.3"
"Mickey Moniak","666160","NA","8","Center Fielder","92","0","0","0","0","35","57","0","0","92","90.9",,,,,,"87.8",,,"86.2","86.2"
"Alek Thomas","677950","NA","8","Center Fielder","369","0","0","0","0","0","369","0","0","369","93.4",,,,,,"87.6",,,"87.6","87.6"
"George Springer","543807","NA","8","Center Fielder","225","0","0","0","0","0","207","18","0","225","96.6",,,,,,"85.8",,,"85.7","85.7"
"Bryan De La Cruz","650559","NA","8","Center Fielder","259","0","0","0","0","71","102","86","0","259","96",,,,,"90.4","89.7","92.1",,"91.1","91.1"
"Aaron Judge","592450","NA","8","Center Fielder","334","0","0","0","0","0","188","146","0","334","98.8",,,,,,"91.1","93.7",,"92.3","92.3"
"Brandon Nimmo","607043","NA","8","Center Fielder","390","0","0","0","0","0","390","0","0","390","96.7",,,,,,"88.1",,,"88.1","88.1"
"Cal Stevenson","670276","NA","8","Center Fielder","51","0","0","0","0","2","49","0","0","51","91",,,,,,,,,"87.6","87.6"
"Will Benson","666181","NA","8","Center Fielder","52","0","0","0","0","17","30","5","0","52","87.1",,,,,,,,,"84.7","84.7"
"Jake Marisnick","545350","NA","8","Center Fielder","80","0","0","0","0","28","46","6","0","80","95.5",,,,,,,,,"93.8","93.8"
"Jarren Duran","680776","NA","8","Center Fielder","196","0","0","0","0","0","175","21","0","196","91.1",,,,,,"87.6",,,"87.2","87.2"
"Dylan Carlson","666185","NA","8","Center Fielder","317","0","0","0","0","0","185","132","0","317","98.2",,,,,,"91.6","89.7",,"90.9","90.9"
"Aaron Hicks","543305","NA","8","Center Fielder","296","0","0","0","0","133","163","0","0","296","98.2",,,,,"92.8","91.2",,,"92.3","92.3"
"Garrett Mitchell","669003","NA","8","Center Fielder","56","0","0","0","0","0","56","0","0","56","96.8",,,,,,"93.5",,,"93.5","93.5"
"Cody Bellinger","641355","NA","8","Center Fielder","365","0","0","0","0","0","365","0","0","365","98",,,,,,"86.9",,,"86.9","86.9"
"Luis Robert","673357","NA","8","Center Fielder","266","0","0","0","0","0","266","0","0","266","97.8",,,,,,"86.8",,,"86.8","86.8"
"Ryan McKenna","663630","NA","8","Center Fielder","123","0","0","0","0","47","50","26","0","123","96.3",,,,,,"86.6",,,"89.4","89.4"
"Mike Yastrzemski","573262","NA","8","Center Fielder","418","0","0","0","0","0","217","201","0","418","95.5",,,,,,"84.9","86.9",,"86.1","86.1"
"Kevin Kiermaier","595281","NA","8","Center Fielder","162","0","0","0","0","0","162","0","0","162","97.1",,,,,,"92.2",,,"92.2","92.2"
"Mike Trout","545361","NA","8","Center Fielder","290","0","0","0","0","0","290","0","0","290","94.8",,,,,,"90.2",,,"90.2","90.2"
"Jesús Sánchez","660821","NA","8","Center Fielder","233","0","0","0","0","33","200","0","0","233","95.9",,,,,,"90.5",,,"90.8","90.8"
"Jake Meyers","676694","NA","8","Center Fielder","120","0","0","0","0","0","120","0","0","120","89.4",,,,,,"84.1",,,"84.1","84.1"
"Bradley Zimmer","605548","NA","8","Center Fielder","136","0","0","0","0","0","131","5","0","136","94.3",,,,,,"88.4",,,"88.8","88.8"
"Peyton Burdick","680814","NA","8","Center Fielder","93","0","0","0","0","47","40","6","0","93","91.3",,,,,,,,,"86.3","86.3"
"Adam Duvall","594807","NA","8","Center Fielder","225","0","0","0","0","80","121","24","0","225","97.4",,,,,"87.8","89.5",,,"88.7","88.7"
"Magneuris Sierra","642423","NA","8","Center Fielder","102","0","0","0","0","24","77","1","0","102","93.5",,,,,,"88.2",,,"88.7","88.7"
"Brett Phillips","621433","NA","8","Center Fielder","209","0","0","0","0","8","109","92","0","209","101.1",,,,,,"94.8","92.6",,"93.8","93.8"
"Garrett Hampson","641658","NA","8","Center Fielder","287","0","55","22","121","0","89","0","198","89","90.6",,,,"79.8",,"83.8",,"80.8","83.8","83.8"
"Enrique Hernández","571771","NA","8","Center Fielder","345","0","51","0","36","0","258","0","87","258","95",,,,,,"90.4",,"81.8","90.4","90.4"
"Myles Straw","664702","NA","8","Center Fielder","512","0","0","0","0","0","512","0","0","512","92.2",,,,,,"85.3",,,"85.3","85.3"
"Tyrone Taylor","621438","NA","8","Center Fielder","345","0","0","0","0","34","257","54","0","345","95.4",,,,,,"88.9","88.3",,"88.3","88.3"
"Byron Buxton","621439","NA","8","Center Fielder","176","0","0","0","0","0","176","0","0","176","101.4",,,,,,"91.4",,,"91.4","91.4"
"Bryan Reynolds","668804","NA","8","Center Fielder","372","0","0","0","0","4","368","0","0","372","95.1",,,,,,"89.5",,,"89.5","89.5"
"Cedric Mullins","656775","NA","8","Center Fielder","501","0","0","0","0","0","501","0","0","501","95.2",,,,,,"85.9",,,"85.9","85.9"
"Austin Slater","596103","NA","8","Center Fielder","233","0","0","0","0","24","192","17","0","233","99.6",,,,,,"93.6",,,"92.8","92.8"
"Jason Heyward","518792","NA","8","Center Fielder","126","0","0","0","0","0","67","59","0","126","93.1",,,,,,"88.4","90.3",,"89.6","89.6"
"Gilberto Celestino","665482","NA","8","Center Fielder","310","0","0","0","0","32","259","19","0","310","102.3",,,,,,"92.5",,,"92.4","92.4"
"Skye Bolt","621450","NA","8","Center Fielder","103","0","0","0","0","1","96","6","0","103","94.4",,,,,,"87.2",,,"86.9","86.9"
"Steven Duggar","621453","NA","8","Center Fielder","58","0","0","0","0","27","31","0","0","58","93.7",,,,,,,,,"87.5","87.5"
"Lane Thomas","657041","NA","8","Center Fielder","430","0","0","0","0","159","152","119","0","430","96",,,,,"90.3","89.8","92.9",,"91.2","91.2"
"Michael Hermosillo","641684","NA","8","Center Fielder","63","0","0","0","0","1","62","0","0","63","92.4",,,,,,"88",,,"88","88"
"Leody Taveras","665750","NA","8","Center Fielder","300","0","0","0","0","0","300","0","0","300","99.5",,,,,,"94.5",,,"94.5","94.5"
"Derek Hill","656537","NA","8","Center Fielder","89","0","0","0","0","0","89","0","0","89","96.1",,,,,,"90.4",,,"90.4","90.4"
"Eli White","642201","NA","8","Center Fielder","110","0","0","0","0","47","61","2","0","110","93.4",,,,,,"88.7",,,"88.9","88.9"
"Rafael Ortega","542364","NA","8","Center Fielder","176","0","0","0","0","22","123","31","0","176","91",,,,,,"84.8",,,"85.9","85.9"
"Cristian Pache","665506","NA","8","Center Fielder","236","0","0","0","0","0","236","0","0","236","100.3",,,,,,"92.5",,,"92.5","92.5"
"Victor Robles","645302","NA","8","Center Fielder","437","0","0","0","0","0","437","0","0","437","100.6",,,,,,"93.9",,,"93.9","93.9"
"Chas McCormick","676801","NA","8","Center Fielder","244","0","0","0","0","90","116","38","0","244","89.5",,,,,"85.1","84.4",,,"84.6","84.6"
"Trent Grisham","663757","NA","8","Center Fielder","369","0","0","0","0","0","369","0","0","369","93.2",,,,,,"85.9",,,"85.9","85.9"
"Mauricio Dubón","643289","NA","8","Center Fielder","240","0","27","8","81","16","106","2","116","124","96.1",,,,"83.7",,"89.4",,"83.3","89","89"
"Yonathan Daza","602074","NA","8","Center Fielder","377","0","0","0","0","84","293","0","0","377","95.2",,,,,"92.4","91.4",,,"91.7","91.7"
"Julio Rodríguez","677594","NA","8","Center Fielder","434","0","0","0","0","0","434","0","0","434","99.6",,,,,,"93.7",,,"93.7","93.7"
"Jonathan Davis","641505","NA","8","Center Fielder","66","0","0","0","0","0","66","0","0","66","84.7",,,,,,"78.4",,,"78.4","78.4"
"Roman Quinn","596451","NA","8","Center Fielder","79","0","0","0","0","8","58","13","0","79","99.9",,,,,,"95.9",,,"95.5","95.5"
"Riley Greene","682985","NA","8","Center Fielder","257","0","0","0","0","0","257","0","0","257","92.5",,,,,,"87",,,"87","87"
"José Azocar","640492","NA","8","Center Fielder","211","0","0","0","0","19","107","85","0","211","94.2",,,,,,"90.9","89.6",,"90.3","90.3"
"Harrison Bader","664056","NA","8","Center Fielder","241","0","0","0","0","0","241","0","0","241","96.8",,,,,,"91.5",,,"91.5","91.5"
"Michael Harris II","671739","NA","8","Center Fielder","344","0","0","0","0","0","344","0","0","344","100",,,,,,"93.2",,,"93.2","93.2"
"Seiya Suzuki","673548","NA","9","Right Fielder","263","0","0","0","0","0","0","263","0","263","96.1",,,,,,,"89.7",,"89.7","89.7"
"Oscar Gonzalez","660757","NA","9","Right Fielder","237","0","0","0","0","0","0","237","0","237","101.6",,,,,,,"96.2",,"96.2","96.2"
"Nolan Jones","666134","NA","9","Right Fielder","59","0","0","0","0","0","0","59","0","59","100.7",,,,,,,"97",,"97","97"
"Bligh Madris","676632","NA","9","Right Fielder","99","29","0","0","0","15","2","53","0","70","94.8",,,,,,,"90.1",,"89.5","89.5"
"Josh Lowe","666139","NA","9","Right Fielder","120","0","0","0","0","31","19","70","0","120","92.3",,,,,,,"90.5",,"90.7","90.7"
"Jordan Luplow","656669","NA","9","Right Fielder","136","1","0","1","0","55","15","64","1","134","97.7",,,,,"91.1",,"94.6",,"93.8","93.8"
"Hunter Renfroe","592669","NA","9","Right Fielder","344","0","0","0","0","0","0","344","0","344","98.4",,,,,,,"93.7",,"93.7","93.7"
"Luis González","670768","NA","9","Right Fielder","273","0","0","0","0","95","14","164","0","273","97.4",,,,,"89.7",,"91.1",,"90.9","90.9"
"Randal Grichuk","545341","NA","9","Right Fielder","423","0","0","0","0","0","167","256","0","423","92.9",,,,,,"86.1","88",,"87.4","87.4"
"Nomar Mazara","608577","NA","9","Right Fielder","125","0","0","0","0","2","0","123","0","125","97.4",,,,,,,"90.6",,"90.6","90.6"
"Juan Lagares","501571","NA","9","Right Fielder","50","0","0","0","0","14","18","18","0","50","88.1",,,,,,,,,"86.6","86.6"
"Wil Myers","571976","NA","9","Right Fielder","199","84","0","0","0","24","10","81","0","115","88",,,,,,,"84.2",,"84.2","84.2"
"Tyler Naquin","571980","NA","9","Right Fielder","156","0","0","0","0","30","1","125","0","156","95.6",,,,,,,"92.9",,"92.8","92.8"
"Nick Castellanos","592206","NA","9","Right Fielder","322","0","0","0","0","8","0","314","0","322","92.6",,,,,,,"84",,"84.2","84.2"
"Cal Mitchell","668751","NA","9","Right Fielder","150","0","0","0","0","0","0","150","0","150","88.3",,,,,,,"84.8",,"84.8","84.8"
"Pavin Smith","656976","NA","9","Right Fielder","121","39","0","0","0","0","0","82","0","82","87.8",,,,,,,"85.3",,"85.3","85.3"
"Kole Calhoun","594777","NA","9","Right Fielder","254","0","0","0","0","78","0","176","0","254","94.3",,,,,"89.4",,"90.8",,"90.5","90.5"
"Adolis García","666969","NA","9","Right Fielder","392","0","0","0","0","0","133","259","0","392","99",,,,,,"93","94.8",,"94.3","94.3"
"Victor Reyes","622682","NA","9","Right Fielder","227","0","0","0","0","57","12","158","0","227","93.9",,,,,"89.4",,"90.4",,"89.9","89.9"
"Gavin Sheets","657757","NA","9","Right Fielder","289","51","0","0","0","3","0","235","0","238","93",,,,,,,"88.1",,"88.1","88.1"
"Mitch Haniger","571745","NA","9","Right Fielder","148","0","0","0","0","0","0","148","0","148","96.2",,,,,,,"89.3",,"89.3","89.3"
"Taylor Trammell","666211","NA","9","Right Fielder","105","0","0","0","0","6","14","85","0","105","85.9",,,,,,,"82.7",,"82.7","82.7"
"Kyle Tucker","663656","NA","9","Right Fielder","389","0","0","0","0","0","0","389","0","389","93.2",,,,,,,"89",,"89","89"
"Guillermo Heredia","628338","NA","9","Right Fielder","81","0","0","0","0","22","18","41","0","81","92.3",,,,,,,,,"88.4","88.4"
"Anthony Santander","623993","NA","9","Right Fielder","348","0","0","0","0","98","0","250","0","348","91.7",,,,,"83.8",,"87.4",,"86.8","86.8"
"Daulton Varsho","662139","NA","9","Right Fielder","336","0","0","0","0","0","152","184","0","336","87.7",,,,,,"84.1","84.3",,"84.3","84.3"
"Stephen Piscotty","572039","NA","9","Right Fielder","100","0","0","0","0","16","0","84","0","100","88.1",,,,,,,"86.2",,"86","86"
"Juan Soto","665742","NA","9","Right Fielder","428","0","0","0","0","0","0","428","0","428","93.2",,,,,,,"85.8",,"85.8","85.8"
"Jake McCarthy","664983","NA","9","Right Fielder","216","0","0","0","0","77","40","99","0","216","89.6",,,,,"82",,"81.7",,"82","82"
"Kyle Isbel","664728","NA","9","Right Fielder","263","0","0","0","0","67","85","111","0","263","94.7",,,,,"89.1","85.6","88.8",,"88.1","88.1"
"Luis Barrera","642456","NA","9","Right Fielder","85","0","0","0","0","43","2","40","0","85","94.1",,,,,,,,,"90.9","90.9"
"Lars Nootbaar","663457","NA","9","Right Fielder","229","0","0","0","0","14","30","185","0","229","96.7",,,,,,,"91.9",,"92.6","92.6"
"Conner Capel","668843","NA","9","Right Fielder","63","0","0","0","0","0","0","63","0","63","94.1",,,,,,,"90.1",,"90.1","90.1"
"Dylan Moore","664238","NA","9","Right Fielder","269","15","35","0","104","23","18","74","139","115","90.8",,,,"79.2",,,"87.2","79.9","85.7","85.7"
"Starling Marte","516782","NA","9","Right Fielder","335","0","0","0","0","0","0","335","0","335","97.6",,,,,,,"90.9",,"90.9","90.9"
"Albert Almora Jr.","546991","NA","9","Right Fielder","167","0","0","0","0","45","57","65","0","167","85.8",,,,,,"81.6","82.9",,"82.2","82.2"
"Max Kepler","596146","NA","9","Right Fielder","339","0","0","0","0","0","7","332","0","339","93.8",,,,,,,"88.1",,"88.1","88.1"
"Taylor Ward","621493","NA","9","Right Fielder","356","0","0","1","0","4","8","343","1","355","95.2",,,,,,,"87.7",,"87.7","87.7"
"Rob Refsnyder","608701","NA","9","Right Fielder","126","0","0","0","0","16","48","62","0","126","95",,,,,,,"91.7",,"91.3","91.3"
"Ronald Acuña Jr.","660670","NA","9","Right Fielder","224","0","0","0","0","0","0","224","0","224","101.5",,,,,,,"97.9",,"97.9","97.9"
"LaMonte Wade Jr.","664774","NA","9","Right Fielder","181","76","0","0","0","24","3","78","0","105","90",,,,,,,"86.3",,"85.6","85.6"
"Manuel Margot","622534","NA","9","Right Fielder","154","0","0","0","0","17","28","109","0","154","95.9",,,,,,,"86.7",,"85.8","85.8"
"Austin Meadows","640457","NA","9","Right Fielder","90","0","0","0","0","43","0","47","0","90","86.6",,,,,,,,,"82.5","82.5"
"Oscar Mercado","640458","NA","9","Right Fielder","105","0","0","0","0","25","10","70","0","105","91.4",,,,,,,"88.2",,"87.2","87.2"
"Aristides Aquino","606157","NA","9","Right Fielder","170","0","0","0","0","19","6","145","0","170","101.6",,,,,,,"95.7",,"96.6","96.6"
"Avisaíl García","541645","NA","9","Right Fielder","183","0","0","0","0","0","0","183","0","183","97.1",,,,,,,"91",,"91","91"
"Mookie Betts","605141","NA","9","Right Fielder","386","0","23","0","0","0","0","363","23","363","96.8",,,,,,,"89",,"89","89"
"Oswaldo Cabrera","665828","NA","9","Right Fielder","138","5","16","15","21","26","0","55","52","81","95.6",,,,,,,"92.1",,"91.3","91.3"
"Travis Demeritte","641513","NA","9","Right Fielder","82","0","0","0","0","18","0","64","0","82","92.4",,,,,,,"85.9",,"85.8","85.8"
"Edward Olivares","658668","NA","9","Right Fielder","120","0","0","0","0","37","1","82","0","120","92",,,,,,,"90",,"90","90"
"Teoscar Hernández","606192","NA","9","Right Fielder","348","0","0","0","0","20","0","328","0","348","94",,,,,,,"90.7",,"90.7","90.7"
"Drew Waters","671221","NA","9","Right Fielder","107","0","0","0","0","6","46","55","0","107","96.5",,,,,,,"91.9",,"94.1","94.1"
"Ramón Laureano","657656","NA","9","Right Fielder","277","0","0","0","0","0","111","166","0","277","94.4",,,,,,"90.3","89.3",,"89.8","89.8"
"Jackie Bradley Jr.","598265","NA","9","Right Fielder","313","0","0","0","0","0","129","184","0","313","96.9",,,,,,"90.6","92.7",,"92.1","92.1"
"Willi Castro","650489","NA","9","Right Fielder","310","0","46","14","41","62","46","101","101","209","97",,,,,"87",,"91.4","85.9","90.8","90.8"
"Sam Haggerty","664059","NA","9","Right Fielder","176","0","8","0","0","92","9","67","8","168","91.6",,,,,"86.2",,"84.8",,"85.7","85.7"
"Kerry Carpenter","681481","NA","10","Designated Hitter","51","0","0","0","0","39","0","12","0","51","90",,,,,,,,,"86.6","86.6"
"Michael Brantley","488726","NA","10","Designated Hitter","75","0","0","0","0","75","0","0","0","75","88.7",,,,,"84.1",,,,"84.1","84.1"
"Trey Mancini","641820","NA","10","Designated Hitter","222","148","0","0","0","38","0","36","0","74","86.9","75.7",,,,,,,,"81.8","81.8"
"Harold Ramírez","623912","NA","10","Designated Hitter","148","113","0","0","0","12","0","23","0","35","83.3","74.6",,,,,,,,,"74.6"
"Luke Voit","572228","NA","10","Designated Hitter","122","122","0","0","0","0","0","0","0","0","74.5","72.4",,,,,,,,,"72.4"
"Yordan Alvarez","670541","NA","10","Designated Hitter","140","0","0","0","0","140","0","0","0","140","94.2",,,,,"89.3",,,,"89.3","89.3"
"Marcell Ozuna","542303","NA","10","Designated Hitter","130","0","0","0","0","130","0","0","0","130","83.6",,,,,"79.2",,,,"79.2","79.2"
"Mike Moustakas","519058","NA","10","Designated Hitter","170","106","0","64","0","0","0","0","64","0","86.7","78.2",,,,,,,,,"78.2"
"Giancarlo Stanton","519317","NA","10","Designated Hitter","70","0","0","0","0","5","0","65","0","70","91.3",,,,,,,"85.6",,"85.6","85.6"
"Eloy Jiménez","650391","NA","10","Designated Hitter","65","0","0","0","0","65","0","0","0","65","81.3",,,,,"78.4",,,,"78.4","78.4"
"Charlie Blackmon","453568","NA","10","Designated Hitter","149","0","0","0","0","0","0","149","0","149","94.8",,,,,,,"91",,"91","91"
"Andrew McCutchen","457705","NA","10","Designated Hitter","117","0","0","0","0","74","4","39","0","117","87",,,,,"75.5",,,,"83.2","83.2"